refined_status,all,idflakies,nondex
CRITSEARCH_BAD_LOCATION,636,2,634
BASELINE_BUILD_ENFORCER_FAILED,227,0,227
BASELINE_BUILD_RAT_FAILED,77,0,77
BASELINE_TEST_ENVIRONMENT_FAILED,27,24,3
BASELINE_UNRELATED_TEST_FAILED,21,0,21
PIPELINE_COMPLETED_NO_PATCH,20,5,15
BASELINE_TEST_SELECTION_FAILED,12,0,12
DELAYLOCS_TIMEOUT,12,1,11
CRITSEARCH_CLASS_CIRCULARITY_ERROR,3,0,3
BARRIERPOINTSEARCH_TIMEOUT,1,1,0
BASELINE_BUILD_COMPILATION_FAILED,1,0,1
BASELINE_TARGET_TEST_ERROR,1,0,1
CRITSEARCH_NO_CRITICAL_POINTS,1,0,1
CRITSEARCH_TIMEOUT,1,0,1
DELTADEBUG_TIMEOUT,1,0,1
TOTAL,1041,33,1008
