project_name,sha,flaky_tests
mercury,8586dc79f8bf75a929896f0aac03fe95824d9578,org.platformlambda.core.PostOfficeTest#journalYamlTest
adyen-java-api-library,6fb5cd049b57a22d2ec4465d204c15f1c90dd325,com.adyen.CheckoutTest#TestAchDetailsSerialization;com.adyen.CheckoutTest#TestAmazonPayDetailsSerialization;com.adyen.CheckoutTest#TestAndroidPayDetails;com.adyen.CheckoutTest#TestApplePayDetailsSerialization;com.adyen.CheckoutTest#TestBacsDirectDebitDetailsSerialization;com.adyen.CheckoutTest#TestBillDeskOnlineDetailsSerialization;com.adyen.CheckoutTest#TestBilldeskWalletDetailsSerialization;com.adyen.CheckoutTest#TestBlikDetailsSerialization;com.adyen.CheckoutTest#TestDateSerializers;com.adyen.CheckoutTest#TestDokuDetailsSerialization;com.adyen.CheckoutTest#TestDotpayDetailsSerialization;com.adyen.CheckoutTest#TestDragonpayDetailsSerialization;com.adyen.CheckoutTest#TestEcontextVoucherDetailsSerialization;com.adyen.CheckoutTest#TestEncryptedPaymentMethodDetails;com.adyen.CheckoutTest#TestEntercashDetailsSerialization;com.adyen.CheckoutTest#TestGenericIssuerPaymentMethodDetails;com.adyen.CheckoutTest#TestGiropayDetailsSerialization;com.adyen.CheckoutTest#TestGooglePayDetailsSerialization;com.adyen.CheckoutTest#TestIdealDetailsSerialization;com.adyen.CheckoutTest#TestKlarnaDetailsSerialization;com.adyen.CheckoutTest#TestLianLianPayDetailsSerialization;com.adyen.CheckoutTest#TestMasterPassDetailsSerialization;com.adyen.CheckoutTest#TestMbwayDetailsSerialization;com.adyen.CheckoutTest#TestMobilePayDetailsSerialization;com.adyen.CheckoutTest#TestMolPayDetailsSerialization;com.adyen.CheckoutTest#TestPayPalDetails;com.adyen.CheckoutTest#TestPayUUpiDetailsSerialization;com.adyen.CheckoutTest#TestPaymentMethodDetails;com.adyen.CheckoutTest#TestQiwiWalletDetailsSerialization;com.adyen.CheckoutTest#TestRecurringPaymentMethodDetails;com.adyen.CheckoutTest#TestSamsungPayDetailsSerialization;com.adyen.CheckoutTest#TestSepaDirectDebitDetailsSerialization;com.adyen.CheckoutTest#TestSepaPaymentMethodDetails;com.adyen.CheckoutTest#TestShopperNotificationReferencePaymentMethodDetails;com.adyen.CheckoutTest#TestVippsDetailsSerialization;com.adyen.CheckoutTest#TestVisaCheckoutDetailsSerialization;com.adyen.CheckoutTest#TestWeChatPayDetailsSerialization;com.adyen.CheckoutTest#TestWeChatPayMiniProgramDetailsSerialization;com.adyen.NotificationTest#testGsonAndJacksonSerializeNotificationRequest;com.adyen.PaymentRequestBuilderTest#Test3DSecureRequest;com.adyen.PaymentRequestBuilderTest#TestCCPaymentRequest;com.adyen.PaymentRequestBuilderTest#TestCSEPaymentRequest;com.adyen.serializer.SaleToAcquirerDataSerializerTest#testSerialize;com.adyen.service.CheckoutTest#testPaymentsRequestWithXidAndCavv
tessera,ecdd1a2ce6412c11a8ae722d7a4527a4a66da688,
datadog-kafka-connect-logs,e453f0c9efb50f2d7aaf2186ff024b15bca9742b,com.datadoghq.connect.logs.sink.DatadogLogsApiWriterTest#writer_readingMultipleTopics_shouldBatchSeparate
jmeter-datadog-backend-listener,4b237366bf81050e56aa4d96944cffcd594593c0,org.datadog.jmeter.plugins.DatadogBackendClientTest#testExtractLogs
JsonRpc4J,6d7f58389e86efa4f44cc8906a7d1963b7f208b9,eliasstar.gson.OptionalTypeAdapterTests#testOptionalSerialization;eliasstar.jsonrpc.ConnectionTests#testNotificationSending;eliasstar.jsonrpc.objects.NotificationTests#testNotificationSerialization;eliasstar.jsonrpc.objects.RequestTests#testRequestIdSerialization;eliasstar.jsonrpc.objects.RequestTests#testRequestParamsSerialization
kryo,c6d199b1e3622dd323d0641260c4e31cec439636,com.esotericsoftware.kryo.serializers.DefaultSerializersTest#testPriorityQueue;com.esotericsoftware.kryo.serializers.DefaultSerializersTest#testPriorityQueueSubclass;com.esotericsoftware.kryo.serializers.GenericsTest#testMapTypeParams
jackson-annotations,381d6abcefd0e5fd19529f244173313b7f91954f,com.fasterxml.jackson.annotation.JsonIncludePropertiesTest#testFromAnnotation
java-classmate,912adde71f67719c7b1ed7df3c7ba28e8ba97876,com.fasterxml.classmate.members.GhostTypeParameterInFieldTest#testGhostTypeParameterWithClass;com.fasterxml.classmate.members.GhostTypeParameterInFieldTest#testGhostTypeParameterWithInterface
java-sdk-core,1bfa41c6ca27265866abb91d66ea99223668296a,com.ibm.cloud.sdk.core.test.model.DynamicModelSerializationTest#testAddlPropsNull;com.ibm.cloud.sdk.core.test.model.DynamicModelSerializationTest#testAlternatePropertyNames;com.ibm.cloud.sdk.core.test.model.DynamicModelSerializationTest#testDynamicModelMethods;com.ibm.cloud.sdk.core.test.model.DynamicModelSerializationTest#testModelAPFoo;com.ibm.cloud.sdk.core.test.model.DynamicModelSerializationTest#testModelAPFooNullTypeToken;com.ibm.cloud.sdk.core.test.model.DynamicModelSerializationTest#testModelAPInteger;com.ibm.cloud.sdk.core.test.model.DynamicModelSerializationTest#testModelAPObject;com.ibm.cloud.sdk.core.test.model.DynamicModelSerializationTest#testModelAPProtectedCtor;com.ibm.cloud.sdk.core.test.model.DynamicModelSerializationTest#testModelAPString;com.ibm.cloud.sdk.core.test.model.DynamicModelSerializationTest#testNullValues;com.ibm.cloud.sdk.core.test.service.RequestBuilderTest#testBodyContent1;com.ibm.cloud.sdk.core.test.service.RequestBuilderTest#testBodyContent3;com.ibm.cloud.sdk.core.test.service.RequestBuilderTest#testBodyContentList;com.ibm.cloud.sdk.core.util.RequestUtilsTest#testOmitWithNulls;com.ibm.cloud.sdk.core.util.RequestUtilsTest#testPickWithNulls
unirest-java,36e7480d619507b8e96b10645a7ca72c0279832b,BehaviorTests.DefectTest#nullAndObjectValuesInMap
semanticvectors,cf2d883c5fafd84ca2530fb15e62ba399ebc7176,
groupmeal-java-sdk,39547d3c2568eba11cab02c18827a68478d7cb47,JsonTest#payCallBackParam
json-sanitizer,fc612ab374de73d03864d56fb87b6a103b234489,com.google.json.EvalMinifierTest#testMinify
feign-vertx,5c64572a72581178e9e7f382a5b45d7503af7ea9,feign.vertx.VertxHttpClientTest$WhenMakePostRequest#testWillMakeOrder
OpenRefine,3bff27b868a6a1b695f3855ae0f49e269c5ef7cd,com.google.refine.browsing.facets.ListFacetTests#serializeListFacet;com.google.refine.browsing.facets.ListFacetTests#testSelectedEmptyChoice;com.google.refine.clustering.binning.BinningClustererTests#testSerializeBinningClusterer;com.google.refine.clustering.knn.kNNClustererTests#serializekNNClusterer;com.google.refine.commands.recon.GuessTypesOfColumnCommandTests#testGuessTypes;com.google.refine.model.recon.StandardReconConfigTests#reconTest
oryx,43511f068bb4905769edc00e32f894016e2d0419,com.cloudera.oryx.common.pmml.PMMLUtilsTest#testToString;com.cloudera.oryx.common.text.TextUtilsTest#testJSONMap
jsonToOrmMapper,b84ba5c14dd40ca9f8556ba7b4bae6e868b3668e,com.p2sdev.jsonToOrmMapper.AppTest#testValidJSONObject
cloud-security-services-integration-library,eca48f5eb11386fedce23eabd60220c1b3933487,com.sap.cloud.security.spring.token.authentication.AuthenticationTokenTest#equals
emobility-smart-charging,53c97ae60625a3e89a130213551840e455b74ae6,com.sap.charging.model.FuseTreeTest#testToJSON
pair-distribution-app,0be329d2897f6d5fbb634e46e0ef3d283282dc93,pair.distribution.app.helpers.DayPairsHelperTest#testGenerateNewDayPairs;pair.distribution.app.helpers.DayPairsHelperTest#testGenerateNewDayPairsNoPastState;pair.distribution.app.helpers.DayPairsHelperTest#testGenerateNewDayPairsOnlyOldDevAvailableForStory;pair.distribution.app.helpers.DayPairsHelperTest#testGenerateNewDayPairsSoloRequired;pair.distribution.app.helpers.DayPairsHelperTest#testGenerateNewDayPairsWithEverydayRotation;pair.distribution.app.helpers.DayPairsHelperTest#testGenerateNewDayPairsWithSmallestWeight
sonar-php,df211f66a67c48184006cff90e80e8406a87f8ec,org.sonar.php.metrics.ExecutableLineVisitorTest#test
starts,76323ed1eb39bb7b4aea9797c9f081f3dd521ebd,
Mapper,1764748eedb2f320a0d1c43cb4f928c4ccb1f2f5,tk.mybatis.mapper.annotation.IdTest#testCompositeKeys;tk.mybatis.mapper.mapperhelper.ComplexEntityTest#test;tk.mybatis.mapper.mapperhelper.FieldHelperTest#testComplex;tk.mybatis.mapper.mapperhelper.SqlHelperTest#testLogicDeleteSql
captivate-prime-aem-components,87a88b3e9fcd67f22577a5b549e25f8224b4a0c8,com.adobe.prime.core.sightly.models.EmbeddableWidgetModelTest#testWidgetConfigs
Sentinel,051d583fd89a8ecd509d182a1883335119f1a8bf,
easy-retry,16e0c4156347658c1fd701ad4bf53aeeb214ce50,
innodb-java-reader,24a95d8005d480d460c3004fad89cfa295b9cbb4,com.alibaba.innodb.java.reader.sk.SimpleSkTableReaderTest#testQueryAllIteratorMysql56;com.alibaba.innodb.java.reader.sk.SimpleSkTableReaderTest#testQueryAllIteratorMysql57;com.alibaba.innodb.java.reader.sk.SimpleSkTableReaderTest#testQueryAllIteratorMysql80;com.alibaba.innodb.java.reader.sk.SimpleSkTableReaderTest#testQueryBySkAddress56;com.alibaba.innodb.java.reader.sk.SimpleSkTableReaderTest#testQueryBySkAddress57;com.alibaba.innodb.java.reader.sk.SimpleSkTableReaderTest#testQueryBySkAddress80;com.alibaba.innodb.java.reader.sk.SimpleSkTableReaderTest#testQueryBySkAddressProjectionMysql56;com.alibaba.innodb.java.reader.sk.SimpleSkTableReaderTest#testQueryBySkAddressProjectionMysql57;com.alibaba.innodb.java.reader.sk.SimpleSkTableReaderTest#testQueryBySkAddressProjectionMysql80;com.alibaba.innodb.java.reader.sk.SimpleSkTableReaderTest#testQueryBySkAgeDescMysql56;com.alibaba.innodb.java.reader.sk.SimpleSkTableReaderTest#testQueryBySkAgeDescMysql57;com.alibaba.innodb.java.reader.sk.SimpleSkTableReaderTest#testQueryBySkAgeDescMysql80;com.alibaba.innodb.java.reader.sk.SimpleSkTableReaderTest#testQueryBySkAgeMysql56;com.alibaba.innodb.java.reader.sk.SimpleSkTableReaderTest#testQueryBySkAgeMysql57;com.alibaba.innodb.java.reader.sk.SimpleSkTableReaderTest#testQueryBySkAgeMysql80;com.alibaba.innodb.java.reader.sk.SimpleSkTableReaderTest#testQueryBySkAgeProjectionDescMysql56;com.alibaba.innodb.java.reader.sk.SimpleSkTableReaderTest#testQueryBySkAgeProjectionDescMysql57;com.alibaba.innodb.java.reader.sk.SimpleSkTableReaderTest#testQueryBySkAgeProjectionDescMysql80;com.alibaba.innodb.java.reader.sk.SimpleSkTableReaderTest#testQueryBySkAgeProjectionMysql56;com.alibaba.innodb.java.reader.sk.SimpleSkTableReaderTest#testQueryBySkAgeProjectionMysql57;com.alibaba.innodb.java.reader.sk.SimpleSkTableReaderTest#testQueryBySkAgeProjectionMysql80;com.alibaba.innodb.java.reader.sk.SimpleSkTableReaderTest#testQueryBySkAgeSalaryMysql56;com.alibaba.innodb.java.reader.sk.SimpleSkTableReaderTest#testQueryBySkAgeSalaryMysql57;com.alibaba.innodb.java.reader.sk.SimpleSkTableReaderTest#testQueryBySkAgeSalaryMysql80;com.alibaba.innodb.java.reader.sk.SimpleSkTableReaderTest#testQueryBySkCityMysql56;com.alibaba.innodb.java.reader.sk.SimpleSkTableReaderTest#testQueryBySkCityMysql57;com.alibaba.innodb.java.reader.sk.SimpleSkTableReaderTest#testQueryBySkCityMysql80;com.alibaba.innodb.java.reader.sk.SimpleSkTableReaderTest#testQueryBySkDeptnoLevelNameMysql56;com.alibaba.innodb.java.reader.sk.SimpleSkTableReaderTest#testQueryBySkDeptnoLevelNameMysql57;com.alibaba.innodb.java.reader.sk.SimpleSkTableReaderTest#testQueryBySkDeptnoLevelNameMysql80;com.alibaba.innodb.java.reader.sk.SimpleSkTableReaderTest#testQueryBySkEmailProjectionMysql56;com.alibaba.innodb.java.reader.sk.SimpleSkTableReaderTest#testQueryBySkEmailProjectionMysql57;com.alibaba.innodb.java.reader.sk.SimpleSkTableReaderTest#testQueryBySkEmailProjectionMysql80;com.alibaba.innodb.java.reader.sk.SimpleSkTableReaderTest#testQueryBySkJoinDateMysql56;com.alibaba.innodb.java.reader.sk.SimpleSkTableReaderTest#testQueryBySkJoinDateMysql57;com.alibaba.innodb.java.reader.sk.SimpleSkTableReaderTest#testQueryBySkJoinDateMysql80;com.alibaba.innodb.java.reader.sk.SimpleSkTableReaderTest#testQueryBySkLevel56;com.alibaba.innodb.java.reader.sk.SimpleSkTableReaderTest#testQueryBySkLevel57;com.alibaba.innodb.java.reader.sk.SimpleSkTableReaderTest#testQueryBySkLevel80;com.alibaba.innodb.java.reader.sk.SimpleSkTableReaderTest#testQueryBySkNameMysql56;com.alibaba.innodb.java.reader.sk.SimpleSkTableReaderTest#testQueryBySkNameMysql57;com.alibaba.innodb.java.reader.sk.SimpleSkTableReaderTest#testQueryBySkNameMysql80;com.alibaba.innodb.java.reader.sk.SimpleSkTableReaderTest#testQueryBySkPutOrdinal56;com.alibaba.innodb.java.reader.sk.SimpleSkTableReaderTest#testQueryBySkPutOrdinal57;com.alibaba.innodb.java.reader.sk.SimpleSkTableReaderTest#testQueryBySkPutOrdinal80
nacos,525672272ecb00cd769a13c7b21a8e51cf873f25,
tamper,781c159496991705e273fb8538024dfa687235a5,com.alibaba.tamper.ConfigTest#testFileParse;com.alibaba.tamper.convertor.CollectionAndCollectionTest#testArrayAndSet
testable-mock,80b0f3b8789921d46103d9af14a52e75406b92af,com.alibaba.testable.core.tool.OmniAccessorTest#should_generate_member_index
amazon-hub-counter-sdk-java,c8d1be1f81539a3aebd31290441c8a9f602ca3d9,com.amazon.hub.counter.AmazonHubCounterFeedAPITest#postFeedSerializationTest
amazon-instant-access-sdk-java,3aae2253569751eaa4c419300cf9915f03a42bf1,com.amazon.dtasdk.v2.serialization.messages.InstantAccessRequestTest#testSerialize;com.amazon.dtasdk.v3.messages.InstantAccessRequestTest#testSerialize
amazon-pay-api-sdk-java,4093fc0ddca8e410764919f587a2e984246d5dc1,com.amazon.pay.api.GenerateButtonSignatureTest#testButtonSignatureWithJSONObject
avro,bfbd2d115aec576545b0673e876a652806b41986,org.apache.avro.reflect.TestNonStringMapKeys#testNonStringMapKeys;org.apache.avro.reflect.TestReflect#testAnnotationMultiAvroMeta;org.apache.avro.reflect.TestReflect#testAvroDoc;org.apache.avro.reflect.TestReflect#testMultipleFieldAliases;org.apache.avro.reflect.TestReflect#testRecord
bookkeeper,1c756ebc35d06b6d1f001ec17a4810398c7e3975,
dubbo,3720471e56717b7e3494a7352aa437ef95507fe1,org.apache.dubbo.common.URLTest#testHashcode;org.apache.dubbo.common.bytecode.WrapperTest#testWrapImplClass;org.apache.dubbo.common.utils.JsonUtilsTest#consistentTest;org.apache.dubbo.config.context.ConfigManagerTest#testGetConfigByIdOrName;org.apache.dubbo.metadata.definition.ServiceDefinitionBuilderTest#testBuilderComplexObject
flink,23c9b5ac50d04d28a34a87c78eb2d3331c06b74b,org.apache.flink.cep.nfa.NFATest#testNFASerialization;org.apache.flink.cep.nfa.NFATest#testSimpleNFA;org.apache.flink.cep.operator.CEPMigrationTest#testRestoreAfterBranchingPattern;org.apache.flink.cep.operator.CEPMigrationTest#testRestoreStartingNewPatternAfterMigration;org.apache.flink.cep.operator.CEPOperatorTest#testCEPOperatorCleanupEventTime;org.apache.flink.cep.operator.CEPOperatorTest#testCEPOperatorCleanupProcessingTime;org.apache.flink.cep.operator.CEPOperatorTest#testCEPOperatorComparatorEventTime;org.apache.flink.cep.operator.CEPOperatorTest#testCEPOperatorComparatorProcessTime
gora,6c6b06c916b969352a6757ba7025cc78055fa87a,org.apache.gora.ignite.mapreduce.IgniteStoreMapReduceTest#testCountQuery;org.apache.gora.ignite.store.TestIgniteStore#igniteStoreMetadataAnalyzerTest;org.apache.gora.ignite.store.TestIgniteStore#testAutoCreateSchema;org.apache.gora.ignite.store.TestIgniteStore#testBenchmarkExists;org.apache.gora.ignite.store.TestIgniteStore#testDelete;org.apache.gora.ignite.store.TestIgniteStore#testDeleteByQuery;org.apache.gora.ignite.store.TestIgniteStore#testDeleteByQueryFields;org.apache.gora.ignite.store.TestIgniteStore#testExists;org.apache.gora.ignite.store.TestIgniteStore#testGet;org.apache.gora.ignite.store.TestIgniteStore#testGet3UnionField;org.apache.gora.ignite.store.TestIgniteStore#testGetDoubleRecursive;org.apache.gora.ignite.store.TestIgniteStore#testGetNested;org.apache.gora.ignite.store.TestIgniteStore#testGetPartitions;org.apache.gora.ignite.store.TestIgniteStore#testGetRecursive;org.apache.gora.ignite.store.TestIgniteStore#testGetWebPage;org.apache.gora.ignite.store.TestIgniteStore#testGetWebPageDefaultFields;org.apache.gora.ignite.store.TestIgniteStore#testGetWithFields;org.apache.gora.ignite.store.TestIgniteStore#testObjectFieldValue;org.apache.gora.ignite.store.TestIgniteStore#testPutArray;org.apache.gora.ignite.store.TestIgniteStore#testPutBytes;org.apache.gora.ignite.store.TestIgniteStore#testPutMap;org.apache.gora.ignite.store.TestIgniteStore#testPutMixedMaps;org.apache.gora.ignite.store.TestIgniteStore#testPutNested;org.apache.gora.ignite.store.TestIgniteStore#testQuery;org.apache.gora.ignite.store.TestIgniteStore#testQueryEndKey;org.apache.gora.ignite.store.TestIgniteStore#testQueryKeyRange;org.apache.gora.ignite.store.TestIgniteStore#testQueryStartKey;org.apache.gora.ignite.store.TestIgniteStore#testQueryWebPageSingleKey;org.apache.gora.ignite.store.TestIgniteStore#testQueryWebPageSingleKeyDefaultFields;org.apache.gora.ignite.store.TestIgniteStore#testUpdate
hadoop,a585a73c3e02ac62350c136643a5e7f6095a3dbb,
hop,be70e6fa1d4bf180c2766edc4c21d10fc215118b,org.apache.hop.core.row.value.ValueMetaAvroRecordTest#testStoreLoadMetaInJson;org.apache.hop.core.svg.HopSvgGraphics2DTest#testNewDocumentSimpleXml;org.apache.hop.core.svg.HopSvgGraphics2DTest#testNewDocumentXml
ignite-3,a1aa7fd4e2398c72827777ec5417d67915ff4da3,org.apache.ignite.internal.tostring.IgniteToStringBuilderSelfTest#testHierarchy;org.apache.ignite.internal.tostring.IgniteToStringBuilderSelfTest#testToString;org.apache.ignite.internal.tostring.IgniteToStringBuilderSelfTest#testToStringCheckConcurrentModificationExceptionFromMap;org.apache.ignite.internal.tostring.IgniteToStringBuilderSelfTest#testToStringSizeLimits;org.apache.ignite.internal.tostring.IgniteToStringBuilderSelfTest#testToStringWithAdditions
incubator-kie-drools,8440dc2d4b95412a05a3c7b9501993e1ace9b496,org.drools.ancompiler.AlphaNetworkCompilerTest#testAlphaConstraintWithModification;org.drools.ancompiler.AlphaNetworkCompilerTest#testHashedInteger;org.drools.ancompiler.AlphaNetworkCompilerTest#testNodeHashingWith2LevelConditionsCheckFirstCondition;org.drools.ancompiler.AlphaNetworkCompilerTest#testNodeHashingWith2LevelConditionsCheckFirstConditionWithLong;org.drools.ancompiler.AlphaNetworkCompilerTest#testNodeHashingWithMultipleConditions;org.drools.ancompiler.AlphaNetworkCompilerTest#testNonHashedAlphaNode;org.drools.ancompiler.LargeAlphaNetworkTest#testLargeCompiledAlphaNetwork;org.drools.ancompiler.MultipleIndexableConstraintsTest#testMultipleIndexedConstraintTest
incubator-shenyu,3777209fc76800175df3962213ca1febe57edca6,org.apache.shenyu.common.utils.GsonUtilsTest#testToJson;org.apache.shenyu.common.utils.JsonUtilsTest#toJson
iotdb,25a98ee165131047cda93dc92203db2ab9aecbc8,org.apache.iotdb.tsfile.read.ReadInPartitionTest#test1;org.apache.iotdb.tsfile.read.ReadInPartitionTest#test3;org.apache.iotdb.tsfile.read.controller.IMetadataQuerierByFileImplTest#testConvert1;org.apache.iotdb.tsfile.read.controller.IMetadataQuerierByFileImplTest#testConvert2;org.apache.iotdb.tsfile.write.schema.converter.SchemaBuilderTest#testJsonConverter2;org.apache.iotdb.tsfile.write.schema.converter.SchemaBuilderTest#testJsonConverter3
nifi,2bd752d868a8f3e36113b078bb576cf054e945e8,org.apache.nifi.serialization.record.TestDataTypeUtils#testInferTypeWithMapNonStringKeys;org.apache.nifi.serialization.record.TestDataTypeUtils#testInferTypeWithMapStringKeys;org.apache.nifi.serialization.record.TestMapRecord#testAliasConflictingAliasValues;org.apache.nifi.serialization.record.TestMapRecord#testDefaultValueWithAliasValue
opennlp,8209cd308ee6ff7e61ec0346f1799a32541ed80f,opennlp.tools.languagemodel.NgramLanguageModelTest#testTrigram;opennlp.tools.ml.naivebayes.NaiveBayesSerializedCorrectnessTest#testPlainTextModel
pinot,85e413ebe8c80513a8a676fc090b1af0f50861f0,org.apache.pinot.spi.plugin.PluginManagerTest#testGetPluginsToLoad
sedona,1bf3fea03038f3a4aaf97de9aa8e4e646385db64,
skywalking,edf0bce37f682c093d1ea5bcca0a6d2d1ecc2cc4,
skywalking-java,364a4af4b1bd2805156d67b802b24a2105e24822,org.apache.skywalking.apm.util.ConfigInitializerTest#testInitialize
tez,51d6f53967110e2b91b6d90b46f8e16bdc062091,org.apache.tez.dag.api.TestDAG#testRecreateDAG;org.apache.tez.dag.api.TestDAGPlan#userVertexOrderingIsMaintained
tika,1e67ef16f7b735c27114256d8ad7469248e501f2,org.apache.tika.parser.microsoft.ooxml.xps.XPSParserTest#testVarious
biojava,e99364ac14294adeb9385b7b93c602c2d9b66bb6,
edn-java,4cf29ffe2d063269cb09c9bf4f6fd5c1a3cb4e1b,us.bpsm.edn.printer.PrinterTest#testPrettyPrinting
braintree_java,4471cdb6bd5fed2509d4c529ae896ffbb07713ae,
vertx-completable-future,011d3cd963b9a810c2e8e616da27bbfd8a3c717e,
classgraph,d3b5aebd2d9bfc8b98539f7ce157775cc5af6e95,io.github.classgraph.json.JSONSerializationTest#testJSON;io.github.classgraph.json.JSONSerializationTest#testSerializeThenDeserializeScanResult
altus-sdk-java,914688f557923a8d9fae44b4da318e3e66c96d74,
cukes,b483e1a8f261b80a66291a42fc455256b0b5059c,
rxjava2-extras,7663d3b19295f12c35f80594efa1e507e98650b1,
SpringBoot-Learning,4212d163da816c6fa5b28d59130318dac2379a73,com.didispace.chapter21.Chapter21ApplicationTests#testUserController
jsonex,83cd2edafbca4438abee6542162ab206ad3fedd8,org.jsonex.core.util.ClassUtilTest#testGetProperties
elastic-job-lite,a7042cf4872d784d619e4560cdfa0f92b0311965,
esper,590fa9c9eb854f1420b9d337b802aca19f963cc0,com.espertech.esper.example.rfidassetzone.TestLRMovingSimMain#testSim
json-schema,81f0b2f5381cf964a49570a5f80bc78e12b5982b,org.everit.json.schema.ObjectSchemaTest#multipleSchemaDepViolation;org.everit.json.schema.ObjectSchemaTest#toStringNoAdditionalProperties;org.everit.json.schema.ObjectSchemaTest#toStringNoExplicitType;org.everit.json.schema.ObjectSchemaTest#toStringWithUnprocessedProps
jsondoc,de5bd0024b4e5444a541fa4fa4ec518176b646f3,org.jsondoc.core.scanner.builder.JSONDocApiAuthBuilderTest#testApiAuthToken
kubernetes-client,56a6c2c4f336cc6f64c19029a55c2d3d0289344f,io.fabric8.mockwebserver.DefaultMockServerCrudTest#get;io.fabric8.mockwebserver.DefaultMockServerCrudTest#put;io.fabric8.mockwebserver.DefaultMockServerTest#when;io.fabric8.mockwebserver.crud.AttributeSetTest#when
depgraph-maven-plugin,f93bf3b39986dd7eafff30f5858439a9879e1618,GraphIntegrationTest#graphInJson;com.github.ferstl.depgraph.dependency.json.JsonDependencyEdgeRendererTest#renderWithConflictShowingVersion;com.github.ferstl.depgraph.dependency.json.JsonDependencyNodeNameRendererTest#omitScope;com.github.ferstl.depgraph.dependency.json.JsonDependencyNodeNameRendererTest#renderAll;com.github.ferstl.depgraph.dependency.json.JsonDependencyNodeNameRendererTest#renderArtifactId;com.github.ferstl.depgraph.dependency.json.JsonDependencyNodeNameRendererTest#renderArtifactIdVersion;com.github.ferstl.depgraph.dependency.json.JsonDependencyNodeNameRendererTest#renderArtifactIdVersionOptional;com.github.ferstl.depgraph.dependency.json.JsonDependencyNodeNameRendererTest#renderClassifiers;com.github.ferstl.depgraph.dependency.json.JsonDependencyNodeNameRendererTest#renderEmptyClassifier;com.github.ferstl.depgraph.dependency.json.JsonDependencyNodeNameRendererTest#renderGroupIdArtifactId;com.github.ferstl.depgraph.dependency.json.JsonDependencyNodeNameRendererTest#renderGroupIdArtifactIdOptional;com.github.ferstl.depgraph.dependency.json.JsonDependencyNodeNameRendererTest#renderGroupIdArtifactIdVersion;com.github.ferstl.depgraph.dependency.json.JsonDependencyNodeNameRendererTest#renderGroupIdArtifactIdVersionOptional;com.github.ferstl.depgraph.dependency.json.JsonDependencyNodeNameRendererTest#renderGroupIdVersion;com.github.ferstl.depgraph.dependency.json.JsonDependencyNodeNameRendererTest#renderGroupIdVersionOptional;com.github.ferstl.depgraph.dependency.json.JsonDependencyNodeNameRendererTest#renderJarTypeOnly;com.github.ferstl.depgraph.dependency.json.JsonDependencyNodeNameRendererTest#renderOptional;com.github.ferstl.depgraph.dependency.json.JsonDependencyNodeNameRendererTest#renderTypes;com.github.ferstl.depgraph.dependency.json.JsonDependencyNodeNameRendererTest#renderVersion;com.github.ferstl.depgraph.graph.json.JsonGraphFormatterTest#format
luwak,c27ec08c803db6ca6be1b6e8017f45667e603161,
fluent-logger-java,da14ec349bf0904da9865940b57b87563616ee04,
redpipe,0aff891d6befdf0dcc2bdbfda22262cdf82ac66f,
TestParameterInjector,5d67f8cb66481638bcd117227bd0103c32c84491,com.google.testing.junit.testparameterinjector.ParameterValueParsingTest#formatTestNameString_success;com.google.testing.junit.testparameterinjector.ParameterValueParsingTest#parseYamlStringToJavaType_success;com.google.testing.junit.testparameterinjector.TestParameterAnnotationMethodProcessorTest#test;com.google.testing.junit.testparameterinjector.TestParameterTest#test;com.google.testing.junit.testparameterinjector.TestParametersMethodProcessorTest#test_success
gson,e685705b2bf3ae174958612a185bd231c0e0c5d9,com.google.gson.MixedStreamTest#testWriteMixedStreamed;com.google.gson.ObjectTypeAdapterTest#testSerialize;com.google.gson.functional.CollectionTest#testCollectionOfBagOfPrimitivesSerialization;com.google.gson.functional.CollectionTest#testObjectCollectionSerialization;com.google.gson.functional.CollectionTest#testPriorityQueue;com.google.gson.functional.CollectionTest#testWildcardCollectionField;com.google.gson.functional.CustomTypeAdaptersTest#testCustomNestedSerializers;com.google.gson.functional.EnumTest#testClassWithEnumFieldSerialization;com.google.gson.functional.ExposeFieldsTest#testExposeAnnotationSerialization;com.google.gson.functional.FieldNamingTest#testIdentity;com.google.gson.functional.FieldNamingTest#testLowerCaseWithDashes;com.google.gson.functional.FieldNamingTest#testLowerCaseWithUnderscores;com.google.gson.functional.FieldNamingTest#testUpperCamelCase;com.google.gson.functional.FieldNamingTest#testUpperCamelCaseWithSpaces;com.google.gson.functional.FieldNamingTest#testUpperCaseWithUnderscores;com.google.gson.functional.InheritanceTest#testSubClassSerialization;com.google.gson.functional.InheritanceTest#testSubInterfacesOfCollectionSerialization;com.google.gson.functional.JsonAdapterAnnotationOnFieldsTest#testExcludeDeserializePrecedence;com.google.gson.functional.JsonAdapterSerializerDeserializerTest#testJsonAdapterNullSafe;com.google.gson.functional.JsonAdapterSerializerDeserializerTest#testJsonSerializerDeserializerBasedJsonAdapterOnFields;com.google.gson.functional.MapAsArrayTypeAdapterTest#testMapWithTypeVariableSerialization;com.google.gson.functional.MapAsArrayTypeAdapterTest#testMultipleEnableComplexKeyRegistrationHasNoEffect;com.google.gson.functional.MapAsArrayTypeAdapterTest#testSerializeComplexMapWithTypeAdapter;com.google.gson.functional.MapTest#testInterfaceTypeMap;com.google.gson.functional.MapTest#testInterfaceTypeMapWithSerializer;com.google.gson.functional.NamingPolicyTest#testGsonDuplicateNameDueToBadNamingPolicy;com.google.gson.functional.ObjectTest#testArrayOfArraysSerialization;com.google.gson.functional.ObjectTest#testArrayOfObjectsSerialization;com.google.gson.functional.ObjectTest#testBagOfPrimitiveWrappersSerialization;com.google.gson.functional.ObjectTest#testBagOfPrimitivesSerialization;com.google.gson.functional.ObjectTest#testNestedSerialization;com.google.gson.functional.ObjectTest#testNullFieldsSerialization;com.google.gson.functional.ObjectTest#testSingletonLists;com.google.gson.functional.ParameterizedTypesTest#testTypesWithMultipleParametersSerialization;com.google.gson.functional.ParameterizedTypesTest#testVariableTypeFieldsAndGenericArraysDeserialization;com.google.gson.functional.ParameterizedTypesTest#testVariableTypeFieldsAndGenericArraysSerialization;com.google.gson.functional.ReadersWritersTest#testWriterForSerialization;com.google.gson.functional.ReflectionAccessFilterTest#testBlockInaccessibleJavaExtendingJdkClass;com.google.gson.functional.SerializedNameTest#testFirstNameIsChosenForSerialization;com.google.gson.functional.StreamingTypeAdaptersTest#testNullSafe;com.google.gson.functional.StreamingTypeAdaptersTest#testSerialize;com.google.gson.functional.StreamingTypeAdaptersTest#testSerializeNullField;com.google.gson.functional.StreamingTypeAdaptersTest#testSerializeNullObject;com.google.gson.functional.StreamingTypeAdaptersTest#testSerializeRecursive;com.google.gson.functional.StreamingTypeAdaptersTest#testSerializeWithCustomTypeAdapter;com.google.gson.functional.TypeVariableTest#testTypeVariablesViaTypeParameter;com.google.gson.functional.VersioningTest#testVersionedClassesSerialization;com.google.gson.functional.VersioningTest#testVersionedGsonWithUnversionedClassesSerialization
java-monitoring-client-library,3212364c3e535530c3d96e127c42d302e2c0064b,
30-seconds-of-java8,1af5d4dee567f00e662cb9b74abc16067312e338,snippets.SnippetsTests#group_elements_by_length;snippets.SnippetsTests#pick_should_pick_key_pairs_corresponding_to_keys;snippets.SnippetsTests#union_test
morel,b3ce1d8ba7351ba6fb0dceeaf30288451fe5bf7d,net.hydromatic.morel.CalciteTest#testNestedSchema;net.hydromatic.morel.MainTest#testCompute;net.hydromatic.morel.MainTest#testCrossApplyGroup;net.hydromatic.morel.SatTest#testBuild;net.hydromatic.morel.ScriptTest#test
ormlite-core,61ebf9e20fcc1e243de3e40b235445bae4de6dbc,com.j256.ormlite.table.DatabaseTableConfigTest#testMultiAfter
pushy,da5f8b97106cd41278b421ec63e4e76a7313bed9,com.eatthepath.pushy.apns.ApnsClientTest#testSendNotification;com.eatthepath.pushy.apns.ApnsClientTest#testSendNotificationWithPushTypeHeader;com.eatthepath.pushy.apns.auth.AuthenticationTokenTest#testVerifySignature;com.eatthepath.pushy.apns.server.TokenAuthenticationValidatingPushNotificationHandlerTest#testHandleNotificationWithCollapseId;com.eatthepath.pushy.apns.server.TokenAuthenticationValidatingPushNotificationHandlerTest#testHandleNotificationWithEmptyPayload;com.eatthepath.pushy.apns.server.TokenAuthenticationValidatingPushNotificationHandlerTest#testHandleNotificationWithExpirationDate;com.eatthepath.pushy.apns.server.TokenAuthenticationValidatingPushNotificationHandlerTest#testHandleNotificationWithMissingPayload;com.eatthepath.pushy.apns.server.TokenAuthenticationValidatingPushNotificationHandlerTest#testHandleNotificationWithOversizedPayload;com.eatthepath.pushy.apns.server.TokenAuthenticationValidatingPushNotificationHandlerTest#testHandleNotificationWithSpecifiedPriority;com.eatthepath.pushy.apns.server.TokenAuthenticationValidatingPushNotificationHandlerTest#testHandleNotificationWithValidNotification;com.eatthepath.pushy.apns.server.TokenAuthenticationValidatingPushNotificationHandlerTest#testHandleNotificationWithWithExpiredAuthenticationToken
java-util,245458a912e04bf85116b10f240e7b4be217cd4f,com.cedarsoftware.util.TestGraphComparator#testNewArrayElement
json-io,8d46689078710b044c80ff577c486e323d035eb5,com.cedarsoftware.util.io.AtomicBooleanTest#testAssignAtomicBoolean;com.cedarsoftware.util.io.AtomicIntegerTest#testAssignAtomicInteger;com.cedarsoftware.util.io.AtomicLongTest#testAssignAtomicLong;com.cedarsoftware.util.io.CollectionTests#testEnumsInsideOfACollection_whenWritingAsObject_withPrivateMembersIncluded;com.cedarsoftware.util.io.CollectionTests#testReconstituteCollection2;com.cedarsoftware.util.io.EnumTests#testEnumWithPrivateMembersAsField_withPrivatesOn;com.cedarsoftware.util.io.MapsTest#testMap;com.cedarsoftware.util.io.MapsTest#testReconstituteMap;com.cedarsoftware.util.io.PrettyPrintTest#testPrettyPrint;com.cedarsoftware.util.io.TestNoType#testNoType
jfreechart,520a4be69ba932061ab9b89f328842caf152e1d9,
jicofo,2cae36e1e6781b438e52156d82cc32f8dea021b9,
commons-lang,7c32e527651a8a235d1b78b2f5d3f53d5e9bb6cb,org.apache.commons.lang3.builder.HashCodeBuilderAndEqualsBuilderTest#testFixture;org.apache.commons.lang3.builder.HashCodeBuilderAndEqualsBuilderTest#testFixtureWithTransients;org.apache.commons.lang3.builder.HashCodeBuilderTest#testReflectionHashCodeExcludeFields;org.apache.commons.lang3.builder.HashCodeBuilderTest#testReflectionHierarchyHashCode;org.apache.commons.lang3.builder.MultilineRecursiveToStringStyleTest#boolArray;org.apache.commons.lang3.builder.MultilineRecursiveToStringStyleTest#charArray;org.apache.commons.lang3.builder.MultilineRecursiveToStringStyleTest#doubleArray;org.apache.commons.lang3.builder.MultilineRecursiveToStringStyleTest#intArray;org.apache.commons.lang3.builder.MultilineRecursiveToStringStyleTest#longArray;org.apache.commons.lang3.builder.MultilineRecursiveToStringStyleTest#nestedAndArray;org.apache.commons.lang3.builder.MultilineRecursiveToStringStyleTest#nestedElements;org.apache.commons.lang3.builder.MultilineRecursiveToStringStyleTest#noArray;org.apache.commons.lang3.builder.MultilineRecursiveToStringStyleTest#simpleObject;org.apache.commons.lang3.builder.MultilineRecursiveToStringStyleTest#stringArray;org.apache.commons.lang3.builder.RecursiveToStringStyleTest#testPerson;org.apache.commons.lang3.builder.ReflectionToStringBuilderSummaryTest#testSummary;org.apache.commons.lang3.builder.ToStringBuilderTest#testInheritedReflectionStatics;org.apache.commons.lang3.builder.ToStringBuilderTest#testReflectionHierarchy;org.apache.commons.lang3.builder.ToStringBuilderTest#testReflectionStatics;org.apache.commons.lang3.builder.ToStringBuilderTest#testSelfInstanceTwoVarsReflectionObjectCycle;org.apache.commons.lang3.builder.ToStringBuilderTest#testSimpleReflectionStatics;org.apache.commons.lang3.reflect.FieldUtilsTest#testGetAllFields;org.apache.commons.lang3.reflect.FieldUtilsTest#testGetAllFieldsList;org.apache.commons.lang3.reflect.FieldUtilsTest#testGetFieldsWithAnnotation
commons-collections,14ff6fae576085767045bff074c35f2b0220b317,org.apache.commons.collections4.CollectionUtilsTest#get;org.apache.commons.collections4.CollectionUtilsTest#getFromMap;org.apache.commons.collections4.bag.CollectionBagTest#testCollectionToArray2;org.apache.commons.collections4.bag.HashBagTest#testCollectionToArray2;org.apache.commons.collections4.bag.PredicatedBagTest#testCollectionToArray2;org.apache.commons.collections4.bag.SynchronizedBagTest#testCollectionToArray2;org.apache.commons.collections4.bag.TransformedBagTest#testCollectionToArray2;org.apache.commons.collections4.bag.UnmodifiableBagTest#testCollectionToArray2;org.apache.commons.collections4.bidimap.DualHashBidiMapTest#testBidiKeySetValuesOrder;org.apache.commons.collections4.bidimap.DualHashBidiMapTest#testCollectionToArray2;org.apache.commons.collections4.bidimap.UnmodifiableBidiMapTest#testBidiKeySetValuesOrder;org.apache.commons.collections4.bidimap.UnmodifiableBidiMapTest#testCollectionToArray2;org.apache.commons.collections4.map.Flat3MapTest#testEntrySet;org.apache.commons.collections4.map.PassiveExpiringMapTest#testCollectionToArray2;org.apache.commons.collections4.multimap.ArrayListValuedHashMapTest#testCollectionToArray2;org.apache.commons.collections4.multimap.ArrayListValuedHashMapTest#testMultiValuedMapIterator;org.apache.commons.collections4.multimap.ArrayListValuedHashMapTest#testToString;org.apache.commons.collections4.multimap.HashSetValuedHashMapTest#testCollectionToArray2;org.apache.commons.collections4.multimap.HashSetValuedHashMapTest#testToString;org.apache.commons.collections4.multimap.TransformedMultiValuedMapTest#testCollectionToArray2;org.apache.commons.collections4.multimap.TransformedMultiValuedMapTest#testMultiValuedMapIterator;org.apache.commons.collections4.multimap.UnmodifiableMultiValuedMapTest#testCollectionToArray2;org.apache.commons.collections4.multiset.HashMultiSetTest#testCollectionToArray2;org.apache.commons.collections4.multiset.PredicatedMultiSetTest#testCollectionToArray2;org.apache.commons.collections4.multiset.SynchronizedMultiSetTest#testCollectionToArray2;org.apache.commons.collections4.multiset.UnmodifiableMultiSetTest#testCollectionToArray2;org.apache.commons.collections4.set.CompositeSetTest#testCollectionToArray2;org.apache.commons.collections4.set.PredicatedSetTest#testCollectionToArray2;org.apache.commons.collections4.set.TransformedSetTest#testCollectionToArray2;org.apache.commons.collections4.set.UnmodifiableSetTest#testCollectionToArray2
commons-jxpath,75897943adb7f868df47ced0915b273af1af0272,org.apache.commons.jxpath.ri.compiler.ExtensionFunctionTest#testExpressionContext;org.apache.commons.jxpath.ri.model.beans.BeanModelTest#testAxisDescendant;org.apache.commons.jxpath.ri.model.beans.BeanModelTest#testAxisDescendantOrSelf;org.apache.commons.jxpath.ri.model.beans.BeanModelTest#testAxisFollowing;org.apache.commons.jxpath.ri.model.beans.BeanModelTest#testAxisFollowingSibling;org.apache.commons.jxpath.ri.model.beans.BeanModelTest#testAxisParent;org.apache.commons.jxpath.ri.model.beans.BeanModelTest#testAxisPrecedingSibling;org.apache.commons.jxpath.ri.model.beans.BeanModelTest#testBooleanPredicate;org.apache.commons.jxpath.ri.model.dynabeans.DynaBeanModelTest#testAxisDescendant;org.apache.commons.jxpath.ri.model.dynabeans.DynaBeanModelTest#testAxisDescendantOrSelf;org.apache.commons.jxpath.ri.model.dynabeans.DynaBeanModelTest#testAxisFollowing;org.apache.commons.jxpath.ri.model.dynabeans.DynaBeanModelTest#testAxisFollowingSibling;org.apache.commons.jxpath.ri.model.dynabeans.DynaBeanModelTest#testAxisParent;org.apache.commons.jxpath.ri.model.dynabeans.DynaBeanModelTest#testAxisPrecedingSibling;org.apache.commons.jxpath.ri.model.dynabeans.DynaBeanModelTest#testBooleanPredicate
maven-dependency-plugin,1d9261293f44cc1918bae0fb3e4db9abe452f8c5,org.apache.maven.plugins.dependency.fromDependencies.TestCopyDependenciesMojo#testGetDependencies;org.apache.maven.plugins.dependency.tree.TestTreeMojo#testTreeJsonParsing;org.apache.maven.plugins.dependency.tree.TestTreeMojo#testTreeTestEnvironment
jmeter-maven-plugin,618363c461843ec2849cdc15d53ee85bdbaec3f2,com.lazerycode.jmeter.json.TestConfigTest#createConfigFromResourceFile
jnr-posix,dbda72ce198a8dd766c30c591d63d726d2a28a7c,
junit4,7167b23b3ba7dd79410f6e9db350d16cbe30617b,junit.framework.TestSuite$1#warning;junit.samples.SimpleTest#testAdd;junit.samples.SimpleTest#testDivideByZero;junit.samples.SimpleTest#testEquals;org.junit.internal.ArrayComparisonFailureTest#classShouldAccept411Version;org.junit.internal.ArrayComparisonFailureTest#classShouldAccept412Version;org.junit.internal.ChecksTest#notNullShouldReturnNonNullValues;org.junit.internal.ChecksTest#notNullShouldThrowOnNullValues;org.junit.internal.ChecksTest#notNullWithMessageShouldReturnNonNullValues;org.junit.internal.ChecksTest#notNullWithMessageShouldThrowOnNullValues;org.junit.internal.ChecksTest#notNullWithNullMessageShouldThrowOnNullValues;org.junit.internal.MethodSorterTest#testAscendingMethodSorter;org.junit.internal.MethodSorterTest#testDefaultMethodSorter;org.junit.internal.MethodSorterTest#testJvmMethodSorter;org.junit.internal.MethodSorterTest#testMethodsNullSorterSelf;org.junit.internal.MethodSorterTest#testMethodsNullSorterSub;org.junit.internal.MethodSorterTest#testMethodsNullSorterSuper;org.junit.internal.StackTracesTest#org;org.junit.internal.builders.AnnotatedBuilderTest#annotatedMemberClassInsideAnnotatedTopLevelClass_isRunWithOwnRunner;org.junit.internal.builders.AnnotatedBuilderTest#memberClassDeepInsideAnnotatedMemberClass_isRunWithParentMemberClassRunner;org.junit.internal.builders.AnnotatedBuilderTest#memberClassDeepInsideAnnotatedTopLevelClass_isRunWithTopLevelRunner;org.junit.internal.builders.AnnotatedBuilderTest#memberClassInsideAnnotatedTopLevelClass_isRunWithTopLevelRunner;org.junit.internal.builders.AnnotatedBuilderTest#topLevelTestClassWithAnnotation_isRunWithAnnotatedRunner;org.junit.internal.builders.AnnotatedBuilderTest#topLevelTestClassWithoutAnnotation_isRunWithDefaultRunner;org.junit.internal.matchers.StacktracePrintingMatcherTest#assertThatIncludesStacktrace;org.junit.internal.matchers.StacktracePrintingMatcherTest#failsWhenInnerMatcherFails;org.junit.internal.matchers.StacktracePrintingMatcherTest#succeedsWhenInnerMatcherSucceeds;org.junit.internal.matchers.ThrowableCauseMatcherTest#shouldAllowCauseOfDifferentClassFromRoot;org.junit.internal.runners.ErrorReportingRunnerTest#cannotCreateWithNullClass;org.junit.internal.runners.ErrorReportingRunnerTest#cannotCreateWithNullClass2;org.junit.internal.runners.ErrorReportingRunnerTest#cannotCreateWithNullClasses;org.junit.internal.runners.ErrorReportingRunnerTest#cannotCreateWithoutClass;org.junit.internal.runners.ErrorReportingRunnerTest#givenInvalidTestClassErrorAsCause;org.junit.internal.runners.ErrorReportingRunnerTest#givenInvalidTestClass_integrationTest;org.junit.internal.runners.statements.ExpectExceptionTest#whenExpectingAssumptionViolatedExceptionStatementsPassingShouldFail;org.junit.internal.runners.statements.ExpectExceptionTest#whenExpectingAssumptionViolatedExceptionStatementsThrowingDifferentExceptionShouldFail;org.junit.internal.runners.statements.ExpectExceptionTest#whenExpectingAssumptionViolatedExceptionStatementsThrowingItShouldPass;org.junit.internal.runners.statements.ExpectExceptionTest#whenExpectingAssumptionViolatedExceptionStatementsThrowingSubclassShouldPass;org.junit.internal.runners.statements.FailOnTimeoutTest#lookingForStuckThread_threadGroupNotLeaked;org.junit.internal.runners.statements.FailOnTimeoutTest#noExceptionIsThrownWhenWrappedStatementFinishesBeforeTimeoutWithoutThrowingException;org.junit.internal.runners.statements.FailOnTimeoutTest#notLookingForStuckThread_usesSameThreadGroup;org.junit.internal.runners.statements.FailOnTimeoutTest#sendUpExceptionThrownByStatement;org.junit.internal.runners.statements.FailOnTimeoutTest#stackTraceContainsRealCauseOfTimeout;org.junit.internal.runners.statements.FailOnTimeoutTest#statementThatCanBeInterruptedIsStoppedAfterTimeout;org.junit.internal.runners.statements.FailOnTimeoutTest#throwExceptionIfTheSecondCallToEvaluateNeedsTooMuchTime;org.junit.internal.runners.statements.FailOnTimeoutTest#throwTimeoutExceptionOnSecondCallAlthoughFirstCallThrowsException;org.junit.internal.runners.statements.FailOnTimeoutTest#throwsExceptionWithTimeoutValueAndTimeUnitSet;org.junit.internal.runners.statements.FailOnTimeoutTest#throwsTestTimedOutExceptionWithMeaningfulMessage;org.junit.runners.CustomBlockJUnit4ClassRunnerTest#exceptionsFromMethodBlockMustNotResultInUnrootedTests;org.junit.runners.RuleContainerTest#methodRulesOnly;org.junit.runners.RuleContainerTest#ordering1;org.junit.runners.RuleContainerTest#ordering2;org.junit.runners.RuleContainerTest#testRuleAroundMethodRule;org.junit.runners.model.FrameworkFieldTest#cannotBeCreatedWithoutUnderlyingField;org.junit.runners.model.FrameworkFieldTest#hasToStringWhichPrintsFieldName;org.junit.runners.model.FrameworkFieldTest#missingAnnotationIsNotAvailable;org.junit.runners.model.FrameworkFieldTest#presentAnnotationIsAvailable;org.junit.runners.model.FrameworkMethodTest#cannotBeCreatedWithoutUnderlyingField;org.junit.runners.model.FrameworkMethodTest#hasToStringWhichPrintsMethodName;org.junit.runners.model.FrameworkMethodTest#missingAnnotationIsNotAvailable;org.junit.runners.model.FrameworkMethodTest#presentAnnotationIsAvailable;org.junit.runners.model.InvalidTestClassErrorTest#invalidTestClassErrorShouldListAllValidationErrorsInItsMessage;org.junit.runners.model.TestClassTest#annotatedFieldValues;org.junit.runners.model.TestClassTest#annotatedMethodValues;org.junit.runners.model.TestClassTest#complainIfMultipleConstructors;org.junit.runners.model.TestClassTest#dontMarkNonInnerClassAsInnerClass;org.junit.runners.model.TestClassTest#dontMarkStaticInnerClassAsNonStatic;org.junit.runners.model.TestClassTest#fieldsOnSubclassesShadowSuperclasses;org.junit.runners.model.TestClassTest#getAnnotatedMethodsDoesNotReturnMethodWithoutAnnotation;org.junit.runners.model.TestClassTest#hasHashCodeWithoutJavaClass;org.junit.runners.model.TestClassTest#hasSameHashCodeAsTestClassThatWrapsSameJavaClass;org.junit.runners.model.TestClassTest#identifiesNonPublicModifier;org.junit.runners.model.TestClassTest#identifiesPublicModifier;org.junit.runners.model.TestClassTest#identifyNonStaticInnerClass;org.junit.runners.model.TestClassTest#isEqualToTestClassThatWrapsSameJavaClass;org.junit.runners.model.TestClassTest#isNotEqualToNull;org.junit.runners.model.TestClassTest#isNotEqualToTestClassThatWrapsADifferentJavaClass;org.junit.runners.model.TestClassTest#missingAnnotationIsNotAvailable;org.junit.runners.model.TestClassTest#presentAnnotationIsAvailable;org.junit.runners.model.TestClassTest#providesAnnotatedFieldsSortedByName;org.junit.runners.model.TestClassTest#providesAnnotatedMethodsSortedByName;org.junit.runners.parameterized.BlockJUnit4ClassRunnerWithParametersTest#hasAllAnnotationsExceptRunWith;org.junit.runners.parameterized.BlockJUnit4ClassRunnerWithParametersTest#providesHelpfulMessageIfParameterFieldCannotBeSet;org.junit.runners.parameterized.ParameterizedNamesTest#parameterizedTestsWithSpecialCharsInName;org.junit.runners.parameterized.TestWithParametersTest#cannotBeCreatedWithoutAName;org.junit.runners.parameterized.TestWithParametersTest#cannotBeCreatedWithoutParameters;org.junit.runners.parameterized.TestWithParametersTest#cannotBeCreatedWithoutTestClass;org.junit.runners.parameterized.TestWithParametersTest#doesNotAllowToModifyProvidedParameters;org.junit.runners.parameterized.TestWithParametersTest#doesNotConsiderParametersWhichChangedAfterTestInstantiation;org.junit.runners.parameterized.TestWithParametersTest#hasMeaningfulToString;org.junit.runners.parameterized.TestWithParametersTest#hasSameHashCodeAsEqualTest;org.junit.runners.parameterized.TestWithParametersTest#isEqualToTestWithSameNameAndTestClassAndParameters;org.junit.runners.parameterized.TestWithParametersTest#isNotEqualToObjectWithDifferentClass;org.junit.runners.parameterized.TestWithParametersTest#isNotEqualToTestWithDifferentName;org.junit.runners.parameterized.TestWithParametersTest#isNotEqualToTestWithDifferentParameters;org.junit.runners.parameterized.TestWithParametersTest#isNotEqualToTestWithDifferentTestClass;org.junit.samples.SimpleTest#divideByZero;org.junit.samples.SimpleTest#testEquals;org.junit.tests.ObjectContractTest#equalsMeansEqualHashCodes;org.junit.tests.ObjectContractTest#equalsThrowsNoException;org.junit.tests.assertion.AssertionTest#IntegerDoesNotEqualLong;org.junit.tests.assertion.AssertionTest#arraysActualNullMessage;org.junit.tests.assertion.AssertionTest#arraysDeclaredAsObjectAreComparedAsObjects;org.junit.tests.assertion.AssertionTest#arraysDifferAtElement0nullMessage;org.junit.tests.assertion.AssertionTest#arraysDifferAtElement0withMessage;org.junit.tests.assertion.AssertionTest#arraysDifferAtElement1nullMessage;org.junit.tests.assertion.AssertionTest#arraysDifferAtElement1withMessage;org.junit.tests.assertion.AssertionTest#arraysDifferentLengthDifferingAtEndAndExpectedArrayLongerMessage;org.junit.tests.assertion.AssertionTest#arraysDifferentLengthDifferingAtEndMessage;org.junit.tests.assertion.AssertionTest#arraysDifferentLengthDifferingAtStartMessage;org.junit.tests.assertion.AssertionTest#arraysElementsDiffer;org.junit.tests.assertion.AssertionTest#arraysEqual;org.junit.tests.assertion.AssertionTest#arraysEqualWithMessage;org.junit.tests.assertion.AssertionTest#arraysExpectedNullMessage;org.junit.tests.assertion.AssertionTest#arraysNotEqual;org.junit.tests.assertion.AssertionTest#arraysNotEqualWithMessage;org.junit.tests.assertion.AssertionTest#arraysWithNullElementEqual;org.junit.tests.assertion.AssertionTest#assertNotEqualsConsidersDeltaCorrectly;org.junit.tests.assertion.AssertionTest#assertNotEqualsConsidersFloatDeltaCorrectly;org.junit.tests.assertion.AssertionTest#assertNotEqualsIgnoresDeltaOnNaN;org.junit.tests.assertion.AssertionTest#assertNotEqualsIgnoresFloatDeltaOnNaN;org.junit.tests.assertion.AssertionTest#assertNotEqualsIncludesCorrectMessage;org.junit.tests.assertion.AssertionTest#assertNotEqualsIncludesTheValueBeingTested;org.junit.tests.assertion.AssertionTest#assertNotEqualsWorksWithPrimitiveTypes;org.junit.tests.assertion.AssertionTest#assertThatDescriptionCanBeElided;org.junit.tests.assertion.AssertionTest#assertThatIncludesAdvancedMismatch;org.junit.tests.assertion.AssertionTest#assertThrowsDetectsTypeMismatchesViaExplicitTypeHint;org.junit.tests.assertion.AssertionTest#assertThrowsIncludesAnInformativeDefaultMessage;org.junit.tests.assertion.AssertionTest#assertThrowsIncludesTheSpecifiedMessage;org.junit.tests.assertion.AssertionTest#assertThrowsRequiresAnExceptionToBeThrown;org.junit.tests.assertion.AssertionTest#assertThrowsReturnsTheSameObjectThrown;org.junit.tests.assertion.AssertionTest#assertThrowsSuppliesACoherentErrorMessageUponTypeMismatch;org.junit.tests.assertion.AssertionTest#assertThrowsSuppliesTheSpecifiedMessageUponTypeMismatch;org.junit.tests.assertion.AssertionTest#assertThrowsUsesCanonicalNameUponTypeMismatch;org.junit.tests.assertion.AssertionTest#assertThrowsUsesCanonicalNameWhenRequiredExceptionNotThrown;org.junit.tests.assertion.AssertionTest#assertThrowsUsesNameUponTypeMismatchWithAnonymousClass;org.junit.tests.assertion.AssertionTest#assertThrowsWrapsAndPropagatesUnexpectedExceptions;org.junit.tests.assertion.AssertionTest#bigDecimalsNotEqual;org.junit.tests.assertion.AssertionTest#booleansNotEqual;org.junit.tests.assertion.AssertionTest#bytesNotEqual;org.junit.tests.assertion.AssertionTest#compareBigDecimalAndInteger;org.junit.tests.assertion.AssertionTest#doublesNotEqual;org.junit.tests.assertion.AssertionTest#equals;org.junit.tests.assertion.AssertionTest#errorMessageDistinguishesDifferentValuesWithSameToString;org.junit.tests.assertion.AssertionTest#failWithMessageToString;org.junit.tests.assertion.AssertionTest#fails;org.junit.tests.assertion.AssertionTest#floatsNotDoublesInArrays;org.junit.tests.assertion.AssertionTest#floatsNotEqual;org.junit.tests.assertion.AssertionTest#implicitTypecastEquality;org.junit.tests.assertion.AssertionTest#intsEqualLongs;org.junit.tests.assertion.AssertionTest#intsNotEqual;org.junit.tests.assertion.AssertionTest#longsNotEqual;org.junit.tests.assertion.AssertionTest#multiDimensionalArraysAreEqual;org.junit.tests.assertion.AssertionTest#multiDimensionalArraysAreNotEqual;org.junit.tests.assertion.AssertionTest#multiDimensionalArraysAreNotEqualNoMessage;org.junit.tests.assertion.AssertionTest#multiDimensionalArraysDeclaredAsOneDimensionalAreEqual;org.junit.tests.assertion.AssertionTest#multiDimensionalArraysDifferentLengthMessage;org.junit.tests.assertion.AssertionTest#multiDimensionalArraysDifferentLengthNoMessage;org.junit.tests.assertion.AssertionTest#multiDimensionalIntArraysAreEqual;org.junit.tests.assertion.AssertionTest#naNsAreEqual;org.junit.tests.assertion.AssertionTest#notEqualsNullWithObject;org.junit.tests.assertion.AssertionTest#notEqualsObjectWithNull;org.junit.tests.assertion.AssertionTest#notEqualsObjectWithNullWithMessage;org.junit.tests.assertion.AssertionTest#notSame;org.junit.tests.assertion.AssertionTest#notSameNullMessage;org.junit.tests.assertion.AssertionTest#notSameWithMessage;org.junit.tests.assertion.AssertionTest#nullAndStringNullPrintCorrectError;org.junit.tests.assertion.AssertionTest#nullMessageDisappearsWithAssertEquals;org.junit.tests.assertion.AssertionTest#nullMessageDisappearsWithStringAssertEquals;org.junit.tests.assertion.AssertionTest#nullNullmessage;org.junit.tests.assertion.AssertionTest#nullToString;org.junit.tests.assertion.AssertionTest#nullWithMessage;org.junit.tests.assertion.AssertionTest#objectsAreSame;org.junit.tests.assertion.AssertionTest#objectsNotEquals;org.junit.tests.assertion.AssertionTest#objectsNotSame;org.junit.tests.assertion.AssertionTest#oneDimensionalBooleanArraysAreNotEqual;org.junit.tests.assertion.AssertionTest#oneDimensionalDoubleArraysAreNotEqual;org.junit.tests.assertion.AssertionTest#oneDimensionalFloatArraysAreNotEqual;org.junit.tests.assertion.AssertionTest#oneDimensionalPrimitiveArraysAreEqual;org.junit.tests.assertion.AssertionTest#primitiveArraysConvertedToStringCorrectly;org.junit.tests.assertion.AssertionTest#same;org.junit.tests.assertion.AssertionTest#sameObjectIsNotEqual;org.junit.tests.assertion.AssertionTest#sameWithMessage;org.junit.tests.assertion.AssertionTest#shortsNotEqual;org.junit.tests.assertion.AssertionTest#stringNullAndNullWorksToo;org.junit.tests.assertion.AssertionTest#stringsDifferWithUserMessage;org.junit.tests.assertion.AssertionTest#stringsNotEqual;org.junit.tests.assertion.AssertionTest#twoDimensionalArraysConvertedToStringCorrectly;org.junit.tests.assertion.AssertionTest#twoDimensionalArraysDifferentInnerLengthNotEqual;org.junit.tests.assertion.AssertionTest#twoDimensionalArraysDifferentOuterLengthNotEqual;org.junit.tests.assertion.ComparisonFailureTest#compactFailureMessage;org.junit.tests.assertion.MultipleFailureExceptionTest#assertEmptyDoesNotThrowForEmptyList;org.junit.tests.assertion.MultipleFailureExceptionTest#assertEmptyErrorListConstructorFailure;org.junit.tests.assertion.MultipleFailureExceptionTest#assertEmptyRethrowsSingleError;org.junit.tests.assertion.MultipleFailureExceptionTest#assertEmptyRethrowsSingleRuntimeException;org.junit.tests.assertion.MultipleFailureExceptionTest#assertEmptyThrowsMultipleFailureExceptionForManyThrowables;org.junit.tests.assertion.MultipleFailureExceptionTest#assertEmptyWrapsAssumptionFailuresForManyThrowables;org.junit.tests.deprecated.JUnit4ClassRunnerTest#runWithOldJUnit4ClassRunner;org.junit.tests.deprecated.JUnit4ClassRunnerTest#runWithOldJUnit4ClassRunnerAndBadConstructor;org.junit.tests.listening.ListenerTest#notifyListenersInTheOrderInWhichTheyAreAdded;org.junit.tests.listening.RunnerTest#newTestCount;org.junit.tests.listening.RunnerTest#oldTestCount;org.junit.tests.listening.RunnerTest#testFinished;org.junit.tests.listening.TestListenerTest#freshResultEachTime;org.junit.tests.listening.TestListenerTest#reportsFailureOfListener;org.junit.tests.listening.TextListenerTest#testError;org.junit.tests.listening.TextListenerTest#testSuccess;org.junit.tests.listening.TextListenerTest#testTime;org.junit.tests.listening.UserStopTest#stopClassRunner;org.junit.tests.running.classes.BlockJUnit4ClassRunnerTest#detectNonStaticEnclosedClass;org.junit.tests.running.classes.BlockJUnit4ClassRunnerTest#methodBlockAfterFireTestStarted;org.junit.tests.running.classes.ClassLevelMethodsWithIgnoredTestsTest#afterClassShouldNotRunWhenAllTestsAreIgnored;org.junit.tests.running.classes.ClassLevelMethodsWithIgnoredTestsTest#beforeClassShouldNotRunWhenAllTestsAreFiltered;org.junit.tests.running.classes.ClassLevelMethodsWithIgnoredTestsTest#beforeClassShouldNotRunWhenAllTestsAreIgnored;org.junit.tests.running.classes.ClassLevelMethodsWithIgnoredTestsTest#beforeClassShouldNotRunWhenWholeClassIsIgnored;org.junit.tests.running.classes.ClassLevelMethodsWithIgnoredTestsTest#classRuleShouldNotBeAppliedWhenAllTestsAreIgnored;org.junit.tests.running.classes.EnclosedTest#enclosedRunnerIsNamedForEnclosingClass;org.junit.tests.running.classes.EnclosedTest#enclosedRunnerPlansConcreteEnclosedClasses;org.junit.tests.running.classes.EnclosedTest#enclosedRunnerRunsConcreteEnclosedClasses;org.junit.tests.running.classes.IgnoreClassTest#ignoreClass;org.junit.tests.running.classes.ParameterizedTestTest#beforeAndAfterClassAreRun;org.junit.tests.running.classes.ParameterizedTestTest#beforeParamAndAfterParamAreRun;org.junit.tests.running.classes.ParameterizedTestTest#beforeParamAndAfterParamValidation;org.junit.tests.running.classes.ParameterizedTestTest#beforeParamAndAfterParamValidationNumberOfParameters;org.junit.tests.running.classes.ParameterizedTestTest#countBeforeRun;org.junit.tests.running.classes.ParameterizedTestTest#countsFailures;org.junit.tests.running.classes.ParameterizedTestTest#countsRuns;org.junit.tests.running.classes.ParameterizedTestTest#exceptionWhenPrivateConstructor;org.junit.tests.running.classes.ParameterizedTestTest#failureOnInitialization;org.junit.tests.running.classes.ParameterizedTestTest#failuresAddedForBadTestMethod;org.junit.tests.running.classes.ParameterizedTestTest#failuresNamedCorrectly;org.junit.tests.running.classes.ParameterizedTestTest#meaningfulFailureWhenParametersAreNotAnIterable;org.junit.tests.running.classes.ParameterizedTestTest#meaningfulFailureWhenParametersNotPublic;org.junit.tests.running.classes.ParameterizedTestTest#multipleBeforeParamAndAfterParamAreRun;org.junit.tests.running.classes.ParameterizedTestTest#multipleParametersBeforeParamAndAfterParamAreRun;org.junit.tests.running.classes.ParameterizedTestTest#numberOfFieldsAndParametersShouldMatch;org.junit.tests.running.classes.ParameterizedTestTest#plansNamedCorrectly;org.junit.tests.running.classes.ParameterizedTestTest#providesDataByAnnotatedFields;org.junit.tests.running.classes.ParameterizedTestTest#runsEveryTestOfArray;org.junit.tests.running.classes.ParameterizedTestTest#runsForEverySingleArgumentOfArray;org.junit.tests.running.classes.ParameterizedTestTest#runsForEverySingleArgumentOfCollection;org.junit.tests.running.classes.ParameterizedTestTest#runsForEverySingleArgumentOfIterable;org.junit.tests.running.classes.ParameterizedTestTest#testsAreExecutedWhenAssumptionInParametersMethodDoesNotFail;org.junit.tests.running.classes.ParameterizedTestTest#testsAreNotExecutedWhenAssumptionInParametersMethodFails;org.junit.tests.running.classes.ParameterizedTestTest#usesIndexAsTestName;org.junit.tests.running.classes.ParameterizedTestTest#usesParametersRunnerFactoryThatWasSpecifiedByAnnotation;org.junit.tests.running.classes.ParameterizedTestTest#usesParametersRunnerFactoryThatWasSpecifiedByAnnotationInSuperClass;org.junit.tests.running.classes.ParameterizedTestTest#validateClassCatchesNoParameters;org.junit.tests.running.classes.ParentRunnerFilteringTest#testCountClassFiltering;org.junit.tests.running.classes.ParentRunnerFilteringTest#testCountSuiteFiltering;org.junit.tests.running.classes.ParentRunnerFilteringTest#testRunSuiteFiltering;org.junit.tests.running.classes.ParentRunnerFilteringTest#testSuiteFiltering;org.junit.tests.running.classes.ParentRunnerFilteringTest#testSuiteFilteringWithUnmodifiableChildList;org.junit.tests.running.classes.ParentRunnerTest#assertionErrorAtParentLevelTest;org.junit.tests.running.classes.ParentRunnerTest#assumptionViolatedAtParentLevel;org.junit.tests.running.classes.ParentRunnerTest#cannotBeCreatedWithNonPublicTestClass;org.junit.tests.running.classes.ParentRunnerTest#failWithHelpfulMessageForNonStaticClassRule;org.junit.tests.running.classes.ParentRunnerTest#failWithHelpfulMessageForProtectedClassRule;org.junit.tests.running.classes.ParentRunnerTest#parentRunnerTestMethods;org.junit.tests.running.classes.ParentRunnerTest#testMultipleFilters;org.junit.tests.running.classes.ParentRunnerTest#useChildHarvester;org.junit.tests.running.classes.RunWithTest#characterizeErrorMessageFromBadRunner;org.junit.tests.running.classes.RunWithTest#run;org.junit.tests.running.classes.RunWithTest#runWithExtendsToSubclasses;org.junit.tests.running.classes.SuiteTest#beforeAndAfterClassRunOnSuite;org.junit.tests.running.classes.SuiteTest#ensureInheritedTestIsRun;org.junit.tests.running.classes.SuiteTest#ensureSuitesWorkWithForwardCompatibility;org.junit.tests.running.classes.SuiteTest#ensureTestIsRun;org.junit.tests.running.classes.SuiteTest#forwardCompatibilityWorksWithGetTests;org.junit.tests.running.classes.SuiteTest#forwardCompatibilityWorksWithTestCount;org.junit.tests.running.classes.SuiteTest#nonPublicSuiteClassWithBeforeClassPasses;org.junit.tests.running.classes.SuiteTest#suiteClassDoesNotNeedToBePublic;org.junit.tests.running.classes.SuiteTest#suiteShouldBeOKwithNonDefaultConstructor;org.junit.tests.running.classes.SuiteTest#suiteShouldComplainAboutNoSuiteClassesAnnotation;org.junit.tests.running.classes.SuiteTest#suiteTestCountIsCorrect;org.junit.tests.running.classes.SuiteTest#whatHappensWhenASuiteContainsItselfIndirectly;org.junit.tests.running.classes.SuiteTest#whatHappensWhenASuiteHasACycle;org.junit.tests.running.classes.SuiteTest#whatHappensWhenASuiteHasAForkingCycle;org.junit.tests.running.classes.SuiteTest#withoutSuiteClassAnnotationProducesFailure;org.junit.tests.running.classes.ThreadsTest#currentThreadInterruptStatusIsClearedAfterSuiteExecution;org.junit.tests.running.classes.ThreadsTest#currentThreadInterruptedStatusIsClearedAfterEachTestExecution;org.junit.tests.running.classes.UseSuiteAsASuperclassTest#ensureTestsAreRun;org.junit.tests.running.classes.parent.ParentRunnerClassLoaderTest#testBackwardCompatibilityWithOverrideGetName;org.junit.tests.running.classes.parent.ParentRunnerClassLoaderTest#testClassRuleAccessToClassInAnotherClassLoader;org.junit.tests.running.classes.parent.ParentRunnerClassLoaderTest#testDescriptionContainCorrectTestClass;org.junit.tests.running.classes.parent.TestWithClassRule#org;org.junit.tests.running.core.CommandLineTest#runAClass;org.junit.tests.running.core.CommandLineTest#runATest;org.junit.tests.running.core.CommandLineTest#runTwoClasses;org.junit.tests.running.core.CommandLineTest#runTwoClassesAsArray;org.junit.tests.running.core.JUnitCoreReturnsCorrectExitCodeTest#failureCausesExitCodeOf1;org.junit.tests.running.core.JUnitCoreReturnsCorrectExitCodeTest#missingClassCausesExitCodeOf1;org.junit.tests.running.core.JUnitCoreReturnsCorrectExitCodeTest#successCausesExitCodeOf0;org.junit.tests.running.core.SystemExitTest#failureCausesExitCodeOf1;org.junit.tests.running.methods.AnnotationTest#testAnnotatedMethod;org.junit.tests.running.methods.AnnotationTest#testAnnotatedMethodWithFutureProofExplicitRunner;org.junit.tests.running.methods.AnnotationTest#testErrorInAfterClass;org.junit.tests.running.methods.AnnotationTest#testErrorInBeforeClass;org.junit.tests.running.methods.AnnotationTest#testException;org.junit.tests.running.methods.AnnotationTest#testExceptionNotThrown;org.junit.tests.running.methods.AnnotationTest#testFieldsShadowFieldsFromParent;org.junit.tests.running.methods.AnnotationTest#testOldSuiteTest;org.junit.tests.running.methods.AnnotationTest#testOldTest;org.junit.tests.running.methods.AnnotationTest#testOneTimeSetup;org.junit.tests.running.methods.AnnotationTest#testOneTimeTeardown;org.junit.tests.running.methods.AnnotationTest#testOrder;org.junit.tests.running.methods.AnnotationTest#testOrderingOfInheritance;org.junit.tests.running.methods.AnnotationTest#testRunAllAfterClasses;org.junit.tests.running.methods.AnnotationTest#testRunAllAfterClassesRegardless;org.junit.tests.running.methods.AnnotationTest#testRunAllAfters;org.junit.tests.running.methods.AnnotationTest#testRunAllAftersRegardless;org.junit.tests.running.methods.AnnotationTest#testRunFailure;org.junit.tests.running.methods.AnnotationTest#testSetup;org.junit.tests.running.methods.AnnotationTest#testSetupFailure;org.junit.tests.running.methods.AnnotationTest#testShadowing;org.junit.tests.running.methods.AnnotationTest#testStaticFieldsCanBeTreatedAsShadowed;org.junit.tests.running.methods.AnnotationTest#testStaticMethodsCanBeTreatedAsShadowed;org.junit.tests.running.methods.AnnotationTest#testTeardown;org.junit.tests.running.methods.AnnotationTest#testTeardownAfterFailure;org.junit.tests.running.methods.AnnotationTest#testTeardownFailure;org.junit.tests.running.methods.AnnotationTest#testTestAndTeardownFailure;org.junit.tests.running.methods.AnnotationTest#testTestInheritance;org.junit.tests.running.methods.AnnotationTest#testTwoTests;org.junit.tests.running.methods.ExpectedTest#expected;org.junit.tests.running.methods.ExpectedTest#expectsAssumptionViolatedException;org.junit.tests.running.methods.ExpectedTest#expectsSuperclass;org.junit.tests.running.methods.ExpectedTest#noneThrown;org.junit.tests.running.methods.ExpectedTest#unexpected;org.junit.tests.running.methods.InheritedTestTest#subclassWithInheritedTestAndOwnBeforeRunsBefore;org.junit.tests.running.methods.InheritedTestTest#subclassWithOnlyInheritedTestsRuns;org.junit.tests.running.methods.ParameterizedTestMethodTest#testFailures;org.junit.tests.running.methods.TestMethodTest#compatibility;org.junit.tests.running.methods.TestMethodTest#constructorParameter;org.junit.tests.running.methods.TestMethodTest#dontValidateShadowedMethods;org.junit.tests.running.methods.TestMethodTest#ignoreRunner;org.junit.tests.running.methods.TestMethodTest#onlyIgnoredMethodsIsStillFineTestClass;org.junit.tests.running.methods.TestMethodTest#overloaded;org.junit.tests.running.methods.TestMethodTest#testFailures;org.junit.tests.running.methods.TestMethodTest#validateInheritedMethods;org.junit.tests.running.methods.TimeoutTest#org;org.junit.tests.running.methods.TimeoutTest#stalledThreadAppearsInStackTrace;org.junit.tests.running.methods.TimeoutTest#testGetTimeout;org.junit.tests.running.methods.TimeoutTest#testZeroTimeoutIsIgnored;org.junit.tests.running.methods.TimeoutTest#timeoutFailureMultithreadedStuckInMain
db-scheduler,0e9f2a8a063cda04a6537a829ebbe4e93134ab1c,
jbpm,f7e80e82b7670c09485ce83869a287ef51dcb59c,org.jbpm.casemgmt.impl.AdHocConditionsTest#testEnrichmentFlowNotValidDirectlyApproved;org.jbpm.casemgmt.impl.AdHocConditionsTest#testEnrichmentFlowNotValidDirectlyRejected;org.jbpm.casemgmt.impl.AdHocConditionsTest#testEnrichmentFlowNotValidManuallyApproved;org.jbpm.casemgmt.impl.AdHocConditionsTest#testEnrichmentFlowNotValidManuallyRejected;org.jbpm.casemgmt.impl.AdvanceCaseRuntimeDataServiceImplTest#queryCaseByVariablesAndTask;org.jbpm.casemgmt.impl.AdvanceCaseRuntimeDataServiceImplTest#testQueryCaseByVariablesAndTaskByPotOwnersDefaultALL;org.jbpm.casemgmt.impl.AdvanceCaseRuntimeDataServiceImplTest#testQueryCaseByVariablesAndTaskByPotOwnersDefaultANY;org.jbpm.casemgmt.impl.AdvanceCaseRuntimeDataServiceImplTest#testQueryUserTasksByVariablesByPotOwnersANY;org.jbpm.casemgmt.impl.AdvanceCaseRuntimeDataServiceImplTest#testQueryUserTasksByVariablesByPotOwnersDefaultALL;org.jbpm.casemgmt.impl.AdvanceCaseRuntimeDataServiceImplTest#testSearchByVariable;org.jbpm.casemgmt.impl.AdvanceCaseRuntimeDataServiceImplTest#testSearchUserByVariable;org.jbpm.casemgmt.impl.CMMNCaseTest#testAchieveMilestoneAfterReopen;org.jbpm.casemgmt.impl.CMMNCaseTest#testAchieveMilestoneBeforeReopen;org.jbpm.casemgmt.impl.CMMNCaseTest#testStartDMNDecisionTaskCase;org.jbpm.casemgmt.impl.CMMNCaseTest#testStartDMNDecisionTaskCaseApprovalRequired;org.jbpm.casemgmt.impl.CMMNCaseTest#testStartDMNDecisionTaskCaseNoApprovalRequired;org.jbpm.casemgmt.impl.CMMNCaseTest#testStartDataMappingHumanTaskCase;org.jbpm.casemgmt.impl.CMMNCaseTest#testStartHumanTaskByCompletingAnotherOneCase;org.jbpm.casemgmt.impl.CMMNCaseTest#testStartHumanTaskRuleSentryCase;org.jbpm.casemgmt.impl.CMMNCaseTest#testStartMilestoneAndHumanTaskCase;org.jbpm.casemgmt.impl.CMMNCaseTest#testStartStageAndHumanTaskCase;org.jbpm.casemgmt.impl.CMMNOrderITHardwareCaseTest#testStartOrderITHardwareCase;org.jbpm.casemgmt.impl.CMMNOrderITHardwareCaseTest#testStartOrderITHardwareCaseManagerRejected;org.jbpm.casemgmt.impl.CarInsuranceClaimCaseTest#testCarInsuranceClaimCase;org.jbpm.casemgmt.impl.CarInsuranceClaimCaseTest#testCarInsuranceClaimCaseCloseCaseFromAsyncCommand;org.jbpm.casemgmt.impl.CarInsuranceClaimCaseTest#testCarInsuranceClaimCaseCloseCaseFromRules;org.jbpm.casemgmt.impl.CarInsuranceClaimCaseTest#testCarInsuranceClaimCaseCloseCaseFromRulesViaBusinessTask;org.jbpm.casemgmt.impl.CarInsuranceClaimCaseTest#testCarInsuranceClaimCaseCloseCaseFromRulesViaProcess;org.jbpm.casemgmt.impl.CarInsuranceClaimCaseTest#testCarInsuranceClaimCaseWithAssessorInvolved;org.jbpm.casemgmt.impl.CarInsuranceClaimCaseTest#testCarInsuranceClaimCaseWithContactByInsured;org.jbpm.casemgmt.impl.CarInsuranceClaimCaseTest#testCarInsuranceClaimCaseWithExtraTaskFromRules;org.jbpm.casemgmt.impl.CarInsuranceClaimCaseTest#testCarInsuranceClaimCaseWithNegotiations;org.jbpm.casemgmt.impl.CarInsuranceClaimCaseTest#testCarInsuranceClaimCaseWithPoliceReport;org.jbpm.casemgmt.impl.CaseAssignmentServiceImplTest#testProperRoleAssigned;org.jbpm.casemgmt.impl.CaseAssignmentServiceImplTest#testProperRoleAssignedAutoStart;org.jbpm.casemgmt.impl.CaseAssignmentServiceImplTest#testRoleAssignedMissingGroupAutoStart;org.jbpm.casemgmt.impl.CaseAssignmentServiceImplTest#testRoleAssignedMissingRole;org.jbpm.casemgmt.impl.CaseAssignmentServiceImplTest#testRoleAssignedMissingUser;org.jbpm.casemgmt.impl.CaseAssignmentServiceImplTest#testRoleAssignedMissingUserAutoStart;org.jbpm.casemgmt.impl.CaseCommentNotificationTest#testCommentsNotificationWithTemplate;org.jbpm.casemgmt.impl.CaseCommentNotificationTest#testCommentsNotificationWithoutTemplate;org.jbpm.casemgmt.impl.CaseDynamicNodesTest#testAddDynamicSubprocessToCaseByProcessInstanceId;org.jbpm.casemgmt.impl.CaseDynamicNodesTest#testAddDynamicSubprocessToNotActiveStage;org.jbpm.casemgmt.impl.CaseDynamicNodesTest#testAddDynamicSubprocessToNotExistingCase;org.jbpm.casemgmt.impl.CaseDynamicNodesTest#testAddDynamicSubprocessToNotExistingCaseByProcessInstanceId;org.jbpm.casemgmt.impl.CaseDynamicNodesTest#testAddDynamicSubprocessToNotExistingStage;org.jbpm.casemgmt.impl.CaseDynamicNodesTest#testAddDynamicSubprocessToNotExistingStageByProcessInstanceId;org.jbpm.casemgmt.impl.CaseDynamicNodesTest#testAddDynamicSubprocessToStageByProcessInstanceId;org.jbpm.casemgmt.impl.CaseDynamicNodesTest#testAddDynamicSubprocessToStageNotExistingCase;org.jbpm.casemgmt.impl.CaseDynamicNodesTest#testAddDynamicSubprocessToStageNotExistingCaseByProcessInstanceId;org.jbpm.casemgmt.impl.CaseDynamicNodesTest#testAddDynamicSubprocessToStageWithNotExistingProcessId;org.jbpm.casemgmt.impl.CaseDynamicNodesTest#testAddDynamicSubprocessWithNotExistingProcessId;org.jbpm.casemgmt.impl.CaseDynamicNodesTest#testAddDynamicTaskToNotActiveStage;org.jbpm.casemgmt.impl.CaseDynamicNodesTest#testAddDynamicTaskToNotExistingCase;org.jbpm.casemgmt.impl.CaseDynamicNodesTest#testAddDynamicTaskToNotExistingCaseByProcessInstanceId;org.jbpm.casemgmt.impl.CaseDynamicNodesTest#testAddDynamicTaskToNotExistingStage;org.jbpm.casemgmt.impl.CaseDynamicNodesTest#testAddDynamicTaskToNotExistingStageByProcessInstanceId;org.jbpm.casemgmt.impl.CaseDynamicNodesTest#testAddDynamicTaskToStageNotExistingCase;org.jbpm.casemgmt.impl.CaseDynamicNodesTest#testAddDynamicTaskToStageNotExistingCaseByProcessInstanceId;org.jbpm.casemgmt.impl.CaseDynamicNodesTest#testAddDynamicUserTaskToEmptyStage;org.jbpm.casemgmt.impl.CaseDynamicNodesTest#testAddMultipleDynamicSubprocessesToCase;org.jbpm.casemgmt.impl.CaseDynamicNodesTest#testAddMultipleDynamicSubprocessesToStage;org.jbpm.casemgmt.impl.CaseDynamicNodesTest#testAddMultipleDynamicTasksToStage;org.jbpm.casemgmt.impl.CaseEventEmittingTest#testCaseCommentEventsEmitting;org.jbpm.casemgmt.impl.CaseIdGeneratorTest#testErrorWhenNoVariableIsSupplied;org.jbpm.casemgmt.impl.CaseIdGeneratorTest#testStartEmptyCaseImplicitVariableWithExpression;org.jbpm.casemgmt.impl.CaseIdGeneratorTest#testStartEmptyCaseWithIdCaseExpression;org.jbpm.casemgmt.impl.CaseIdGeneratorTest#testStartEmptyCaseWithIdCaseExpressionWithOverridingMetadata;org.jbpm.casemgmt.impl.CaseIdGeneratorTest#testStartEmptyCaseWithOverridingSequence;org.jbpm.casemgmt.impl.CaseRuntimeDataServiceDefinitionImplTest#testGetCaseDefinitionById;org.jbpm.casemgmt.impl.CaseRuntimeDataServiceDefinitionImplTest#testGetCaseDefinitionByIdWithBoundaryEvent;org.jbpm.casemgmt.impl.CaseRuntimeDataServiceDefinitionImplTest#testGetCaseDefinitions;org.jbpm.casemgmt.impl.CaseRuntimeDataServiceDefinitionImplTest#testGetCaseDefinitionsByDeploymentId;org.jbpm.casemgmt.impl.CaseRuntimeDataServiceDefinitionImplTest#testGetCaseDefinitionsByDeploymentIdSorted;org.jbpm.casemgmt.impl.CaseRuntimeDataServiceDefinitionImplTest#testGetCaseDefinitionsByFilter;org.jbpm.casemgmt.impl.CaseRuntimeDataServiceDefinitionImplTest#testGetCaseDefinitionsByFilterSorted;org.jbpm.casemgmt.impl.CaseRuntimeDataServiceDefinitionImplTest#testGetCaseDefinitionsSorted;org.jbpm.casemgmt.impl.CaseRuntimeDataServiceImplTest#testAddSubprocessToEmptyCaseCheckCaseNodes;org.jbpm.casemgmt.impl.CaseRuntimeDataServiceImplTest#testCaseStatusCreation;org.jbpm.casemgmt.impl.CaseRuntimeDataServiceImplTest#testGetProcessDefinitions;org.jbpm.casemgmt.impl.CaseRuntimeDataServiceImplTest#testGroupTasksInCaseAsBusinessAdmin;org.jbpm.casemgmt.impl.CaseRuntimeDataServiceImplTest#testGroupTasksInCaseAsPotentialOwners;org.jbpm.casemgmt.impl.CaseRuntimeDataServiceImplTest#testGroupTasksInCaseAsStakeholder;org.jbpm.casemgmt.impl.CaseRuntimeDataServiceImplTest#testResolveCaseStatuses;org.jbpm.casemgmt.impl.CaseRuntimeDataServiceImplTest#testStartEmptyCaseWithCaseFile;org.jbpm.casemgmt.impl.CaseRuntimeDataServiceImplTest#testTransitionBetweenStagesInCase;org.jbpm.casemgmt.impl.CaseRuntimeDataServiceImplTest#testTransitionBetweenStagesInCaseWithActiveElements;org.jbpm.casemgmt.impl.CaseRuntimeDataServiceImplTest#testTransitionBetweenStagesWithConditionsInCase;org.jbpm.casemgmt.impl.CaseRuntimeDataServiceImplTest#testUserTasksInCaseAsBusinessAdmin;org.jbpm.casemgmt.impl.CaseRuntimeDataServiceImplTest#testUserTasksInCaseAsPotentialOwners;org.jbpm.casemgmt.impl.CaseRuntimeDataServiceImplTest#testUserTasksInCaseAsStakeholder;org.jbpm.casemgmt.impl.CaseRuntimeDataServiceImplTest#testUserTasksInCaseWithSubprocess;org.jbpm.casemgmt.impl.CaseSLAComplianceTest#testStartCaseWithSLAEscalation;org.jbpm.casemgmt.impl.CaseSLAComplianceTest#testStartCaseWithSLAForGoldCustomerByRules;org.jbpm.casemgmt.impl.CaseSLAComplianceTest#testStartCaseWithSLAForNewCustomerByRules;org.jbpm.casemgmt.impl.CaseSLAComplianceTest#testStartCaseWithSLAForSilverCustomerByRules;org.jbpm.casemgmt.impl.CaseSLAComplianceTest#testStartCaseWithSLANotification;org.jbpm.casemgmt.impl.CaseSLAComplianceTest#testStartCaseWithSLASubprocess;org.jbpm.casemgmt.impl.CaseServiceImplTest#testAddAndRemoveMultipleDataFromCaseFile;org.jbpm.casemgmt.impl.CaseServiceImplTest#testAddDataCaseWithViolatingRestrictedCaseFileItem;org.jbpm.casemgmt.impl.CaseServiceImplTest#testAddServiceTaskToEmptyCase;org.jbpm.casemgmt.impl.CaseServiceImplTest#testAddSubprocessToCaseWithStage;org.jbpm.casemgmt.impl.CaseServiceImplTest#testAddSubprocessToEmptyCase;org.jbpm.casemgmt.impl.CaseServiceImplTest#testAddSubprocessToEmptyCaseAndClose;org.jbpm.casemgmt.impl.CaseServiceImplTest#testAddUserTaskToCaseWithStage;org.jbpm.casemgmt.impl.CaseServiceImplTest#testAddUserTaskToEmptyCase;org.jbpm.casemgmt.impl.CaseServiceImplTest#testCaseAuthorization;org.jbpm.casemgmt.impl.CaseServiceImplTest#testCaseAuthorizationImplicitOwner;org.jbpm.casemgmt.impl.CaseServiceImplTest#testCaseOwnedBy;org.jbpm.casemgmt.impl.CaseServiceImplTest#testCaseReadOnlyCaseFileItemAddDataOnce;org.jbpm.casemgmt.impl.CaseServiceImplTest#testCaseReadOnlyCaseFileItemRemoveData;org.jbpm.casemgmt.impl.CaseServiceImplTest#testCaseReopenWithViolatingReadOnlyCaseFileItemReopen;org.jbpm.casemgmt.impl.CaseServiceImplTest#testCaseReopenWithViolatingRestrictedCaseFileItem;org.jbpm.casemgmt.impl.CaseServiceImplTest#testCaseRolesCardinality;org.jbpm.casemgmt.impl.CaseServiceImplTest#testCaseRolesWithDynamicTask;org.jbpm.casemgmt.impl.CaseServiceImplTest#testCaseRolesWithQueries;org.jbpm.casemgmt.impl.CaseServiceImplTest#testCaseViolatingReadOnlyCaseFileItemAddData;org.jbpm.casemgmt.impl.CaseServiceImplTest#testCaseWithBoundaryTimerFiredAtStage;org.jbpm.casemgmt.impl.CaseServiceImplTest#testCaseWithBoundaryTimerFiredAtStageAndThenReopen;org.jbpm.casemgmt.impl.CaseServiceImplTest#testCaseWithComments;org.jbpm.casemgmt.impl.CaseServiceImplTest#testCaseWithCommentsPagination;org.jbpm.casemgmt.impl.CaseServiceImplTest#testCaseWithCommentsWithRestrictions;org.jbpm.casemgmt.impl.CaseServiceImplTest#testCaseWithDefinedDataRestrictions;org.jbpm.casemgmt.impl.CaseServiceImplTest#testCaseWithDefinedDataRestrictionsSetViaUserTask;org.jbpm.casemgmt.impl.CaseServiceImplTest#testCaseWithHumanTaskAfterReopen;org.jbpm.casemgmt.impl.CaseServiceImplTest#testCaseWithIndexedFromVariableUpdates;org.jbpm.casemgmt.impl.CaseServiceImplTest#testCaseWithIndexedFromVariableUpdatesResetVariable;org.jbpm.casemgmt.impl.CaseServiceImplTest#testCaseWithMissingRequiredCaseFileItem;org.jbpm.casemgmt.impl.CaseServiceImplTest#testCaseWithMissingRequiredEmptyCaseFileItem;org.jbpm.casemgmt.impl.CaseServiceImplTest#testCaseWithRequiredCaseFileItem;org.jbpm.casemgmt.impl.CaseServiceImplTest#testCaseWithRequiredRestrictedCaseFileItem;org.jbpm.casemgmt.impl.CaseServiceImplTest#testCaseWithRestrictedCaseFileItem;org.jbpm.casemgmt.impl.CaseServiceImplTest#testCaseWithStageAndBoundaryTimerFired;org.jbpm.casemgmt.impl.CaseServiceImplTest#testCaseWithStageAutoStartNodes;org.jbpm.casemgmt.impl.CaseServiceImplTest#testCaseWithViolatingRestrictedCaseFileItem;org.jbpm.casemgmt.impl.CaseServiceImplTest#testCreateCaseFileInstanceForNotExistingCase;org.jbpm.casemgmt.impl.CaseServiceImplTest#testGetCaseFileInstanceForNotExistingCase;org.jbpm.casemgmt.impl.CaseServiceImplTest#testInclusiveGatewayWithDynamicActivity;org.jbpm.casemgmt.impl.CaseServiceImplTest#testPerCaseCleanup;org.jbpm.casemgmt.impl.CaseServiceImplTest#testPerCaseEnsureCleanupInDisposeEngine;org.jbpm.casemgmt.impl.CaseServiceImplTest#testRemoveNotExistingCaseComment;org.jbpm.casemgmt.impl.CaseServiceImplTest#testReopenAfterAddingDynamicSubprocess;org.jbpm.casemgmt.impl.CaseServiceImplTest#testStartCaseForMultiInstanceStagesAddDynamicNodes;org.jbpm.casemgmt.impl.CaseServiceImplTest#testStartCaseForMultiInstanceStagesTriggerAdHocFragment;org.jbpm.casemgmt.impl.CaseServiceImplTest#testStartCaseWithConditionalEvent;org.jbpm.casemgmt.impl.CaseServiceImplTest#testStartCaseWithConditionalEventCompleteCase;org.jbpm.casemgmt.impl.CaseServiceImplTest#testStartCaseWithStageAndAdHocFragments;org.jbpm.casemgmt.impl.CaseServiceImplTest#testStartCaseWithoutStartNode;org.jbpm.casemgmt.impl.CaseServiceImplTest#testStartEmptyCase;org.jbpm.casemgmt.impl.CaseServiceImplTest#testStartEmptyCaseAndClose;org.jbpm.casemgmt.impl.CaseServiceImplTest#testStartEmptyCaseAndDestroy;org.jbpm.casemgmt.impl.CaseServiceImplTest#testStartEmptyCaseChangeOwner;org.jbpm.casemgmt.impl.CaseServiceImplTest#testStartEmptyCaseUsingCaseFileOwner;org.jbpm.casemgmt.impl.CaseServiceImplTest#testStartEmptyCaseUsingCaseFileOwnerAsLoggedInUser;org.jbpm.casemgmt.impl.CaseServiceImplTest#testStartEmptyCaseUsingLoggedInOwner;org.jbpm.casemgmt.impl.CaseServiceImplTest#testStartEmptyCaseViaProcessService;org.jbpm.casemgmt.impl.CaseServiceImplTest#testStartEmptyCaseViaProcessServiceWithoutCorrelationKey;org.jbpm.casemgmt.impl.CaseServiceImplTest#testStartEmptyCaseViaProcessServiceWithoutCorrelationKeyWithMilestones;org.jbpm.casemgmt.impl.CaseServiceImplTest#testStartEmptyCaseWithCaseFile;org.jbpm.casemgmt.impl.CaseServiceImplTest#testStartEmptyCaseWithCaseFileAndDocument;org.jbpm.casemgmt.impl.CaseServiceImplTest#testStartEmptyCaseWithCaseFileValueTooLong;org.jbpm.casemgmt.impl.CaseServiceImplTest#testStartExpressionCaseWithCaseFile;org.jbpm.casemgmt.impl.CaseServiceImplTest#testStartScriptRoleAssignmentCase;org.jbpm.casemgmt.impl.CaseServiceImplTest#testStartThenCancelRetrieveCaseFile;org.jbpm.casemgmt.impl.CaseServiceImplTest#testStartThenReopenActiveCase;org.jbpm.casemgmt.impl.CaseServiceImplTest#testStartThenReopenDestroyedCase;org.jbpm.casemgmt.impl.CaseServiceImplTest#testStartThenReopenEmptyCase;org.jbpm.casemgmt.impl.CaseServiceImplTest#testStartThenReopenEmptyCaseUpdateData;org.jbpm.casemgmt.impl.CaseServiceImplTest#testStartThenReopenEmptyCaseUpdateDescription;org.jbpm.casemgmt.impl.CaseServiceImplTest#testSystemUserCaseAuthorization;org.jbpm.casemgmt.impl.CaseServiceImplTest#testSystemUserCaseCommentsAuthorization;org.jbpm.casemgmt.impl.CaseServiceImplTest#testSystemUserCaseDataAuthorization;org.jbpm.casemgmt.impl.CaseServiceImplTest#testTriggerAdHocTasksFromCurrentAndNextStage;org.jbpm.casemgmt.impl.CaseServiceImplTest#testTriggerMultipleAdHocTasks;org.jbpm.casemgmt.impl.CaseServiceImplTest#testTriggerNotExistingAdHocFragment;org.jbpm.casemgmt.impl.CaseServiceImplTest#testTriggerTaskAndMilestoneInCase;org.jbpm.casemgmt.impl.CaseServiceImplTest#testTriggerTaskAndMilestoneInCaseFakeMatchCreated;org.jbpm.casemgmt.impl.CaseServiceImplTest#testUpdateNotExistingCaseComment;org.jbpm.casemgmt.impl.CaseServiceImplTest#testUserTaskCaseDataItemWithRestrictions;org.jbpm.casemgmt.impl.CaseServiceImplTest#testUserTaskCaseSearchByInitialCaseFileData;org.jbpm.casemgmt.impl.CaseServiceImplTest#testUserTaskToCaseSearchByCaseFileData;org.jbpm.casemgmt.impl.CaseServiceImplTest#testUserTaskToCaseWithStageComplete;org.jbpm.casemgmt.impl.CaseServiceImplTest#testUserTaskToCaseWithStageCompleteCaseDataItem;org.jbpm.casemgmt.impl.CaseWithJPADataTest#testStartCaseInOneGoWithJPAData;org.jbpm.casemgmt.impl.CaseWithJPADataTest#testStartEmptyCaseWithJPAData;org.jbpm.casemgmt.impl.StageActivationConditionTest#testAutoComplete;org.jbpm.casemgmt.impl.StageActivationConditionTest#testAutoCompleteCheckActivationData;org.jbpm.casemgmt.impl.StageActivationConditionTest#testReopenWithCaseFileReevaluation;org.jbpm.casemgmt.impl.StageCancelTest#testCancelStageAutoComplete;org.jbpm.casemgmt.impl.StageCancelTest#testCancelStageForMultiInstanceStages;org.jbpm.casemgmt.impl.StageCancelTest#testCancelStageNoAutoComplete;org.jbpm.casemgmt.impl.StageCompletionConditionTest#testAutoComplete;org.jbpm.casemgmt.impl.StageCompletionConditionTest#testAutoCompleteDynamicSubProcess;org.jbpm.casemgmt.impl.StageCompletionConditionTest#testAutoCompleteDynamicTask;org.jbpm.casemgmt.impl.StageCompletionConditionTest#testAutoCompleteNoAutoStartTask;org.jbpm.casemgmt.impl.StageCompletionConditionTest#testAutoCompleteNoAutoStartTaskAdHocInNotExistingStage;org.jbpm.casemgmt.impl.StageCompletionConditionTest#testAutoCompleteNoAutoStartTaskAdHocInStage;org.jbpm.casemgmt.impl.StageCompletionConditionTest#testAutoCompleteNoAutoStartTaskNotExistingAdHocInStage;org.jbpm.casemgmt.impl.StageCompletionConditionTest#testCaseDataVariableBoolean;org.jbpm.casemgmt.impl.StageCompletionConditionTest#testCaseDataVariableCompleteTask;org.jbpm.casemgmt.impl.StageCompletionConditionTest#testCaseDataVariableInteger;org.jbpm.casemgmt.impl.StageCompletionConditionTest#testCaseDataVariableString;org.jbpm.casemgmt.impl.StageCompletionConditionTest#testCaseFileVariable;org.jbpm.casemgmt.impl.StageCompletionConditionTest#testCaseFileVariableWithProcessVariable;org.jbpm.casemgmt.impl.StageCompletionConditionTest#testCaseFileVariableWithoutPrefix;org.jbpm.casemgmt.impl.StageCompletionConditionTest#testNoActiveTasksCondition;org.jbpm.casemgmt.impl.StageCompletionConditionTest#testProcessVariable;org.jbpm.casemgmt.impl.SubCaseServiceImplTest#testCaseWithSubCaseQuery;org.jbpm.casemgmt.impl.SubCaseServiceImplTest#testStartCaseWithDynamicSubCaseAbortMainCase;org.jbpm.casemgmt.impl.SubCaseServiceImplTest#testStartCaseWithDynamicSubCaseCancelSubCase;org.jbpm.casemgmt.impl.SubCaseServiceImplTest#testStartCaseWithDynamicSubCaseCloseSubCase;org.jbpm.casemgmt.impl.SubCaseServiceImplTest#testStartCaseWithDynamicSubCaseDestroySubCase;org.jbpm.casemgmt.impl.SubCaseServiceImplTest#testStartCaseWithIndependentDynamicSubCaseAbortMainCase;org.jbpm.casemgmt.impl.SubCaseServiceImplTest#testStartCaseWithIndependentDynamicSubCaseCancelSubCase;org.jbpm.casemgmt.impl.SubCaseServiceImplTest#testStartCaseWithIndependentDynamicSubCaseCloseSubCase;org.jbpm.casemgmt.impl.SubCaseServiceImplTest#testStartCaseWithIndependentDynamicSubCaseDestroySubCase;org.jbpm.casemgmt.impl.SubCaseServiceImplTest#testStartCaseWithSubCaseAbortProcessInstanceOfSubCase;org.jbpm.casemgmt.impl.SubCaseServiceImplTest#testStartCaseWithSubCaseDestroySubCase;org.jbpm.casemgmt.impl.SubCaseServiceImplTest#testStartProcessWithSubCaseDestroySubCase;org.jbpm.casemgmt.impl.admin.CaseInstanceMigrationServiceImplTest#testMigrateSingleCaseInstance;org.jbpm.casemgmt.impl.admin.CaseInstanceMigrationServiceImplTest#testMigrateSingleCaseInstanceMissingMapping;org.jbpm.casemgmt.impl.admin.CaseInstanceMigrationServiceImplTest#testMigrateSingleCaseInstanceNotExisting;org.jbpm.casemgmt.impl.admin.CaseInstanceMigrationServiceImplTest#testMigrateSingleCaseInstanceWithDynamicSubprocess;org.jbpm.casemgmt.impl.admin.CaseInstanceMigrationServiceImplTest#testMigrateSingleCaseInstanceWithDynamicSubprocessNodeMapping;org.jbpm.casemgmt.impl.admin.CaseInstanceMigrationServiceImplTest#testMigrateSingleCaseInstanceWithDynamicSubprocessRevert;org.jbpm.casemgmt.impl.event.CommentNotificationEventListenerTest#testNotificationOnCommentAdded;org.jbpm.casemgmt.impl.event.CommentNotificationEventListenerTest#testNotificationOnCommentAddedWithRawBody
optaplanner,dff7457cb5ba1557727deddef5b675dd00fbf8a8,org.optaplanner.benchmark.config.PlannerBenchmarkConfigTest#xmlConfigFileRemainsSameAfterReadWrite
hutool,91565d052d2771dd26547e79c619ee8c31497e8f,
spring-cloud-zuul-ratelimit,ae9603f45af05c4a0f940d81b313f273f62f3464,
r2dbc-mysql,4b6afab92001d3e47d38278463bc7944f9eacd9b,dev.miku.r2dbc.mysql.codec.SetCodecTest#binarySet;dev.miku.r2dbc.mysql.codec.SetCodecTest#stringifySet
modelmapper,689f5a36713a1e09edeeb8ecd7a822dbc097d7cd,org.modelmapper.internal.TypeInfoImplTest#shouldProduceAccessors;org.modelmapper.internal.TypeInfoImplTest#shouldProduceMutators;org.modelmapper.internal.converter.ArrayConverterTest#shouldConvertFromSet
moquette,7797062ad8957507f697acc8f1469861081ba8b5,io.moquette.broker.MemoryRetainedRepositoryTest#testRetainedOnTopicReturnsWildcardTopicMatch
mybatis-flex,d7259955b3e29ba6dcece18201e58c18952e6ce1,com.mybatisflex.coretest.AuthTest#test;com.mybatisflex.coretest.LambdaSqlTest#test04;com.mybatisflex.coretest.LambdaSqlTest#test05
tomcat_exporter,69b30031ed7099a83cb575d429bf7fddb77f0c0a,
